Correlation_with_Chile,Country_Period,Chile_Period
0.605054602933254,Albania_16,Chile_16
0.6718051876676875,Argentina_14,Chile_14
0.6700929685136504,Argentina_14,Chile_14
0.6286800569007779,Argentina_14,Chile_14
0.6424561399563179,Argentina_14,Chile_14
0.8366134614377156,Argentina_16,Chile_16
0.8431616592428957,Argentina_16,Chile_16
0.8397650350566555,Argentina_16,Chile_16
0.8227061375370458,Argentina_16,Chile_16
0.7897879230941878,Argentina_16,Chile_16
0.7326241951998151,Argentina_17,Chile_17
0.7278325305163478,Argentina_17,Chile_17
0.6932057782238553,Argentina_17,Chile_17
0.6271594247711968,Argentina_17,Chile_17
0.7968476078321315,Argentina_18,Chile_18
0.7427094595337902,Argentina_18,Chile_18
0.6860840844100785,Argentina_18,Chile_18
0.6289594154862362,Argentina_18,Chile_18
0.7095520787325387,Argentina_19,Chile_19
0.8650009158634956,Argentina_20,Chile_20
0.8161587763535233,Argentina_20,Chile_20
0.6533765324802755,Armenia_16,Chile_16
0.6635447770669459,Armenia_16,Chile_16
0.6987315065710263,Armenia_18,Chile_18
0.6813490059516348,Armenia_18,Chile_18
0.7051830182035336,Armenia_18,Chile_18
0.6816204300217088,Armenia_18,Chile_18
0.6579551477857909,Armenia_19,Chile_19
0.6670502598342442,Armenia_19,Chile_19
0.6398708610783224,Armenia_19,Chile_19
0.6163607574633975,Armenia_20,Chile_20
0.6050963089629032,Armenia_20,Chile_20
0.7360502226839911,Armenia_21,Chile_21
0.6012841650761845,Australia_10,Chile_10
0.6938949276882908,Australia_11,Chile_11
0.6151550607411801,Australia_11,Chile_11
0.6331291926565542,Australia_11,Chile_11
0.601471220566702,Australia_13,Chile_13
0.6210203280689202,Australia_13,Chile_13
0.6000356703246453,Australia_14,Chile_14
0.614836638635716,Australia_15,Chile_15
0.6817908168414549,Australia_16,Chile_16
0.7609600513656752,Australia_17,Chile_17
0.6404524390860824,Australia_17,Chile_17
0.6345894713284769,Australia_18,Chile_18
0.6521896642680877,Australia_19,Chile_19
0.730753630904809,Australia_19,Chile_19
0.6795676026360437,Australia_19,Chile_19
0.8341574178824087,Australia_20,Chile_20
0.8644066047752382,Australia_20,Chile_20
0.8291554576609983,Australia_21,Chile_21
0.6112457116489765,Austria_7,Chile_7
0.6246756427721587,Austria_8,Chile_8
0.6148971654627817,Austria_8,Chile_8
0.6141926692482549,Austria_8,Chile_8
0.6868106759044131,Austria_9,Chile_9
0.6539363762533872,Austria_9,Chile_9
0.6519120921582823,Austria_9,Chile_9
0.6056025700015404,Austria_9,Chile_9
0.7180633480681619,Austria_11,Chile_11
0.7487692053131598,Austria_11,Chile_11
0.743403127462325,Austria_11,Chile_11
0.6789441838761763,Austria_11,Chile_11
0.6697377611082124,Austria_11,Chile_11
0.788855929874424,Austria_11,Chile_11
0.6840806214573847,Austria_11,Chile_11
0.691828267236593,Austria_12,Chile_12
0.7457752130042002,Austria_12,Chile_12
0.7758244911091638,Austria_12,Chile_12
0.689615191452229,Austria_12,Chile_12
0.6538124509078894,Austria_12,Chile_12
0.8094879967541122,Austria_12,Chile_12
0.6925631352653332,Austria_12,Chile_12
0.7027877983080648,Austria_13,Chile_13
0.8233942471977788,Austria_13,Chile_13
0.8375193642215539,Austria_13,Chile_13
0.8139179890104264,Austria_13,Chile_13
0.7170902329294884,Austria_13,Chile_13
0.7386523404376291,Austria_13,Chile_13
0.7270024501975579,Austria_13,Chile_13
0.7280909420151961,Austria_14,Chile_14
0.6494140517303741,Austria_14,Chile_14
0.6005774046965958,Austria_14,Chile_14
0.7140015076418457,Austria_15,Chile_15
0.7117311378053425,Austria_15,Chile_15
0.7007493442731753,Austria_15,Chile_15
0.6265116134240494,Austria_15,Chile_15
0.6037106144883285,Austria_15,Chile_15
0.7412009388849812,Austria_16,Chile_16
0.764833560207607,Austria_16,Chile_16
0.6238598731394686,Austria_16,Chile_16
0.6527507964697399,Austria_16,Chile_16
0.619302726558982,Austria_16,Chile_16
0.7985695844311742,Austria_17,Chile_17
0.7682923020702145,Austria_17,Chile_17
0.8335899766308785,Austria_17,Chile_17
0.7677471236233872,Austria_17,Chile_17
0.7798516082577167,Austria_18,Chile_18
0.7230989264388762,Austria_18,Chile_18
0.72331662490213,Austria_18,Chile_18
0.7051788013168261,Austria_18,Chile_18
0.847679977535431,Austria_19,Chile_19
0.8190531971824804,Austria_19,Chile_19
0.8304688447050147,Austria_19,Chile_19
0.8285739002976733,Austria_20,Chile_20
0.8560981496924633,Austria_20,Chile_20
0.6562433066387595,Belgium_6,Chile_6
0.603436049501163,Belgium_6,Chile_6
0.6821096945074081,Belgium_6,Chile_6
0.6123217251039491,Belgium_6,Chile_6
0.6179374412824177,Belgium_8,Chile_8
0.6209609996801974,Belgium_8,Chile_8
0.622170640970738,Belgium_8,Chile_8
0.6044411088721658,Belgium_10,Chile_10
0.6072757523620196,Belgium_10,Chile_10
0.6070295382051404,Belgium_10,Chile_10
0.6115798063117919,Belgium_11,Chile_11
0.6278072280514098,Belgium_12,Chile_12
0.6424179009727564,Belgium_12,Chile_12
0.6362745786623268,Belgium_13,Chile_13
0.7275849984143292,Belgium_13,Chile_13
0.6702731864964421,Belgium_13,Chile_13
0.6313732182133184,Belgium_13,Chile_13
0.6055164647292287,Belgium_13,Chile_13
0.629352211997553,Belgium_14,Chile_14
0.7066499403138076,Belgium_14,Chile_14
0.7304172558185881,Belgium_14,Chile_14
0.6680382914837018,Belgium_14,Chile_14
0.6410764898523127,Belgium_14,Chile_14
0.6413233193723511,Belgium_14,Chile_14
0.7621189204341025,Belgium_15,Chile_15
0.8147238403836159,Belgium_15,Chile_15
0.7904287827709296,Belgium_15,Chile_15
0.7135539325731978,Belgium_15,Chile_15
0.7137177582529781,Belgium_15,Chile_15
0.6647642154496983,Belgium_15,Chile_15
0.8200822215253929,Belgium_16,Chile_16
0.8095438649977528,Belgium_16,Chile_16
0.7518380415171035,Belgium_16,Chile_16
0.7747998231822593,Belgium_16,Chile_16
0.7277116530182031,Belgium_16,Chile_16
0.7676242274939232,Belgium_17,Chile_17
0.7310431020969317,Belgium_17,Chile_17
0.764370185894929,Belgium_17,Chile_17
0.7434663756019763,Belgium_17,Chile_17
0.8178959102108788,Belgium_19,Chile_19
0.7795930461172741,Belgium_19,Chile_19
0.8207747096463867,Belgium_19,Chile_19
0.8208207202464154,Belgium_20,Chile_20
0.8994423825976653,Belgium_20,Chile_20
0.7734535989251526,Bolivia_18,Chile_18
0.7791596173134856,Bolivia_18,Chile_18
0.8800061372197565,Bolivia_18,Chile_18
0.8385651388262422,Bolivia_18,Chile_18
0.6016517633018408,Bolivia_19,Chile_19
0.7001017074926975,Bolivia_19,Chile_19
0.6580219329802011,Bolivia_19,Chile_19
0.6115071901342019,Bosnia-Herzegovina_17,Chile_17
0.6150943764366029,Bosnia-Herzegovina_17,Chile_17
0.6892958292179185,Bosnia-Herzegovina_17,Chile_17
0.6168979283330782,Bosnia-Herzegovina_17,Chile_17
0.7444240986322016,Bosnia-Herzegovina_18,Chile_18
0.7253906519629294,Bosnia-Herzegovina_18,Chile_18
0.7004854013587317,Bosnia-Herzegovina_18,Chile_18
0.6545036849613796,Bosnia-Herzegovina_18,Chile_18
0.7776884498715565,Bosnia-Herzegovina_19,Chile_19
0.7554897512907315,Bosnia-Herzegovina_19,Chile_19
0.7201085742958568,Bosnia-Herzegovina_19,Chile_19
0.8723336123592096,Brazil_15,Chile_15
0.8407835769499118,Brazil_15,Chile_15
0.8213314437444672,Brazil_15,Chile_15
0.7888129766932537,Brazil_15,Chile_15
0.8780616819685518,Brazil_15,Chile_15
0.8166394103068404,Brazil_15,Chile_15
0.8386327536831971,Brazil_16,Chile_16
0.830247095545121,Brazil_16,Chile_16
0.7853418973468961,Brazil_16,Chile_16
0.8416256936343418,Brazil_16,Chile_16
0.78771200308114,Brazil_16,Chile_16
0.8005879309875878,Brazil_17,Chile_17
0.7719013128282333,Brazil_17,Chile_17
0.7771050078377132,Brazil_17,Chile_17
0.7675268463173618,Brazil_17,Chile_17
0.852670835145633,Brazil_18,Chile_18
0.8291613273299762,Brazil_18,Chile_18
0.8791437221887328,Brazil_18,Chile_18
0.8485943120953628,Brazil_18,Chile_18
0.8387315671818865,Brazil_19,Chile_19
0.9265526465178783,Brazil_19,Chile_19
0.8869973142172478,Brazil_19,Chile_19
0.7414579568899805,Brazil_20,Chile_20
0.7601908407087056,Brazil_20,Chile_20
0.8909340975341405,Brazil_21,Chile_21
0.7721131065182867,Bulgaria_17,Chile_17
0.7768844670614725,Bulgaria_17,Chile_17
0.7387494725687738,Bulgaria_17,Chile_17
0.7243788217387397,Bulgaria_17,Chile_17
0.8051675267248495,Bulgaria_18,Chile_18
0.704170183493323,Bulgaria_18,Chile_18
0.756276247265915,Bulgaria_18,Chile_18
0.7030200433803432,Bulgaria_18,Chile_18
0.7993040058183459,Bulgaria_19,Chile_19
0.8095241356200422,Bulgaria_19,Chile_19
0.7802779900740657,Bulgaria_19,Chile_19
0.7838956895645546,Bulgaria_20,Chile_20
0.7211429729856539,Bulgaria_20,Chile_20
0.6051746631295578,Canada_7,Chile_7
0.6247111687700407,Canada_7,Chile_7
0.6010817952604248,Canada_10,Chile_10
0.6294353520898043,Canada_10,Chile_10
0.6154344616165905,Canada_10,Chile_10
0.6765106560871902,Canada_13,Chile_13
0.671518864486813,Canada_13,Chile_13
0.6026604114895121,Canada_13,Chile_13
0.6260948723196518,Canada_14,Chile_14
0.6769010685209362,Canada_14,Chile_14
0.6551081232570959,Canada_14,Chile_14
0.6115149384147309,Canada_14,Chile_14
0.6229172720339334,Canada_15,Chile_15
0.602730958040468,Canada_15,Chile_15
0.7547501276681641,Canada_16,Chile_16
0.7118434031173941,Canada_16,Chile_16
0.676028502141271,Canada_16,Chile_16
0.6618705339534413,Canada_16,Chile_16
0.7720804077704585,Canada_17,Chile_17
0.7227512599713799,Canada_17,Chile_17
0.7959114942198268,Canada_17,Chile_17
0.7664006417067509,Canada_17,Chile_17
0.7409489729097357,Canada_18,Chile_18
0.6641943305274701,Canada_18,Chile_18
0.7307155206696472,Canada_18,Chile_18
0.7497360369860963,Canada_18,Chile_18
0.7342850027627635,Canada_19,Chile_19
0.8305138068606687,Canada_19,Chile_19
0.7979789353229152,Canada_19,Chile_19
0.8585926968743172,Canada_20,Chile_20
0.8797484100340562,Canada_20,Chile_20
0.8301079588233748,Colombia_17,Chile_17
0.8538110257337967,Colombia_17,Chile_17
0.8677218614327304,Colombia_17,Chile_17
0.843638256824787,Colombia_17,Chile_17
0.7142962002389394,Colombia_18,Chile_18
0.7663967976231052,Colombia_18,Chile_18
0.8595799574969787,Colombia_18,Chile_18
0.8012460847715891,Colombia_18,Chile_18
0.8488246468623326,Colombia_19,Chile_19
0.860086243473,Colombia_19,Chile_19
0.8468234960177207,Colombia_19,Chile_19
0.7911141449328616,Costa Rica_15,Chile_15
0.893916400239727,Costa Rica_15,Chile_15
0.8759235419747562,Costa Rica_15,Chile_15
0.8565645116712912,Costa Rica_15,Chile_15
0.8808889915897595,Costa Rica_15,Chile_15
0.8700530947049824,Costa Rica_15,Chile_15
0.9043391685405244,Costa Rica_16,Chile_16
0.917464789776885,Costa Rica_16,Chile_16
0.8628211970550538,Costa Rica_16,Chile_16
0.8775938863187317,Costa Rica_16,Chile_16
0.8641123517527682,Costa Rica_16,Chile_16
0.7853192900216763,Costa Rica_17,Chile_17
0.7529084424342316,Costa Rica_17,Chile_17
0.824419748901702,Costa Rica_17,Chile_17
0.844872165447106,Costa Rica_17,Chile_17
0.7931970804233902,Costa Rica_18,Chile_18
0.7406773012192794,Costa Rica_18,Chile_18
0.8102445623748566,Costa Rica_18,Chile_18
0.8754127122675825,Costa Rica_18,Chile_18
0.8291244538141446,Costa Rica_19,Chile_19
0.877829306788606,Costa Rica_19,Chile_19
0.9206121425677406,Costa Rica_19,Chile_19
0.715792629858389,Croatia_20,Chile_20
0.6935602563235663,Croatia_20,Chile_20
0.661354141164249,Cyprus_17,Chile_17
0.6505689233122406,Cyprus_17,Chile_17
0.7264564590348667,Cyprus_18,Chile_18
0.6526346103861456,Cyprus_18,Chile_18
0.6474551570953997,Cyprus_18,Chile_18
0.6141452233611976,Cyprus_18,Chile_18
0.634045695845985,Cyprus_20,Chile_20
0.6061205023833128,Cyprus_20,Chile_20
0.7835558303253397,Czech Republic_16,Chile_16
0.7536593554222174,Czech Republic_16,Chile_16
0.693586101900788,Czech Republic_16,Chile_16
0.7382117879844639,Czech Republic_16,Chile_16
0.6491349846490553,Czech Republic_16,Chile_16
0.7552586193312149,Czech Republic_17,Chile_17
0.6977158143459194,Czech Republic_17,Chile_17
0.7841267334172539,Czech Republic_17,Chile_17
0.7227530405205974,Czech Republic_17,Chile_17
0.6968110030069766,Czech Republic_18,Chile_18
0.6966112311402989,Czech Republic_18,Chile_18
0.723278470046849,Czech Republic_18,Chile_18
0.718839173325583,Czech Republic_18,Chile_18
0.6811107363597357,Czech Republic_19,Chile_19
0.7453595243758543,Czech Republic_19,Chile_19
0.7319072481329094,Czech Republic_19,Chile_19
0.7815446979162195,Czech Republic_20,Chile_20
0.8059620508241822,Czech Republic_20,Chile_20
0.7090239686386023,Denmark_9,Chile_9
0.6680901256735474,Denmark_9,Chile_9
0.6753195421580738,Denmark_9,Chile_9
0.6402779080906894,Denmark_9,Chile_9
0.6049602842469506,Denmark_9,Chile_9
0.6237499422698826,Denmark_10,Chile_10
0.6083597230093938,Denmark_10,Chile_10
0.7160515072069455,Denmark_11,Chile_11
0.6556211154630437,Denmark_11,Chile_11
0.6851096891980142,Denmark_11,Chile_11
0.6337278886476154,Denmark_11,Chile_11
0.6418481645749325,Denmark_13,Chile_13
0.7261391621415589,Denmark_14,Chile_14
0.665713176455695,Denmark_14,Chile_14
0.7042600749230883,Denmark_14,Chile_14
0.6260615916813026,Denmark_14,Chile_14
0.6207883145482227,Denmark_14,Chile_14
0.6477984866683475,Denmark_15,Chile_15
0.662546121066496,Denmark_15,Chile_15
0.6663845439956205,Denmark_15,Chile_15
0.6470261810506943,Denmark_15,Chile_15
0.611449973273404,Denmark_16,Chile_16
0.6134899677753082,Denmark_16,Chile_16
0.6231828295587092,Denmark_17,Chile_17
0.7007822688385016,Denmark_18,Chile_18
0.613586925638552,Denmark_18,Chile_18
0.7416315350952959,Denmark_18,Chile_18
0.7050282216594486,Denmark_18,Chile_18
0.6453087286195817,Denmark_19,Chile_19
0.6530911533709003,Denmark_19,Chile_19
0.6189725305306722,Denmark_19,Chile_19
0.6843556196942162,Denmark_20,Chile_20
0.7294492943721526,Denmark_20,Chile_20
0.8343218060219331,Dominican Republic_19,Chile_19
0.8287600599228534,Dominican Republic_19,Chile_19
0.8742221362081967,Dominican Republic_19,Chile_19
0.8477039792215211,Dominican Republic_20,Chile_20
0.8524015820367469,Dominican Republic_20,Chile_20
0.6974415107250953,Ecuador_18,Chile_18
0.6660925348280249,Ecuador_18,Chile_18
0.619119704972874,Ecuador_18,Chile_18
0.8040718837412233,Estonia_16,Chile_16
0.7990419728032714,Estonia_16,Chile_16
0.752846967472541,Estonia_16,Chile_16
0.7595534548176353,Estonia_16,Chile_16
0.6870245124405046,Estonia_16,Chile_16
0.7661570836891419,Estonia_17,Chile_17
0.7626821024350197,Estonia_17,Chile_17
0.7694022043345394,Estonia_17,Chile_17
0.7233408140637487,Estonia_17,Chile_17
0.7280635192208634,Estonia_18,Chile_18
0.7706323331102248,Estonia_18,Chile_18
0.7713841091165259,Estonia_18,Chile_18
0.7380192793919322,Estonia_18,Chile_18
0.7956560893717088,Estonia_19,Chile_19
0.7847588309163036,Estonia_19,Chile_19
0.7315875302056936,Estonia_19,Chile_19
0.7932917355385863,Estonia_20,Chile_20
0.7833863130952906,Estonia_20,Chile_20
0.697705026989556,Finland_11,Chile_11
0.6341680490782138,Finland_11,Chile_11
0.6625213655754744,Finland_11,Chile_11
0.657633986025785,Finland_12,Chile_12
0.67200140130255,Finland_12,Chile_12
0.6124724952309695,Finland_12,Chile_12
0.6057782689726863,Finland_12,Chile_12
0.6360559496925875,Finland_14,Chile_14
0.6809875571956835,Finland_16,Chile_16
0.6950261185948278,Finland_16,Chile_16
0.7101888738221429,Finland_17,Chile_17
0.646147560562215,Finland_17,Chile_17
0.653481229077655,Finland_17,Chile_17
0.6751917085887875,Finland_17,Chile_17
0.742004738571976,Finland_18,Chile_18
0.719170376142703,Finland_18,Chile_18
0.8008610734152797,Finland_18,Chile_18
0.795337470687224,Finland_18,Chile_18
0.7379863374852793,Finland_19,Chile_19
0.8085301350471432,Finland_19,Chile_19
0.7703273785109194,Finland_19,Chile_19
0.7916048216985083,Finland_20,Chile_20
0.794340042112676,Finland_20,Chile_20
0.6260702922008667,France_8,Chile_8
0.6158743554579243,France_8,Chile_8
0.7673565696837411,France_9,Chile_9
0.639223506589848,France_9,Chile_9
0.7212643783068358,France_9,Chile_9
0.6997952635893272,France_9,Chile_9
0.6539862121816408,France_9,Chile_9
0.6459337277761145,France_9,Chile_9
0.7246619306287266,France_10,Chile_10
0.6015144869545989,France_10,Chile_10
0.663218883220739,France_10,Chile_10
0.6657930883917008,France_10,Chile_10
0.7745379294684863,France_11,Chile_11
0.6879740668372641,France_11,Chile_11
0.7741052816955778,France_11,Chile_11
0.7398301935313875,France_11,Chile_11
0.6776084796109353,France_11,Chile_11
0.701075767851469,France_11,Chile_11
0.6266896528494851,France_11,Chile_11
0.7266964130474852,France_12,Chile_12
0.6357075906511569,France_12,Chile_12
0.7036830279596438,France_12,Chile_12
0.652657068410242,France_12,Chile_12
0.6315646848092534,France_12,Chile_12
0.7604125017753053,France_13,Chile_13
0.649356859248311,France_13,Chile_13
0.7382208233227755,France_13,Chile_13
0.6780884243687492,France_13,Chile_13
0.6753301219688524,France_13,Chile_13
0.7714929649786161,France_14,Chile_14
0.7264539160087515,France_14,Chile_14
0.7487449693254583,France_14,Chile_14
0.6894373698925166,France_14,Chile_14
0.6540752220372551,France_14,Chile_14
0.6382850236790908,France_14,Chile_14
0.6781795714791984,France_15,Chile_15
0.719021175174011,France_15,Chile_15
0.6726813628269209,France_15,Chile_15
0.6334705908098819,France_15,Chile_15
0.600307838031787,France_15,Chile_15
0.7136662152382361,France_16,Chile_16
0.6316440162191623,France_16,Chile_16
0.6167586111925886,France_16,Chile_16
0.6042292699311977,France_16,Chile_16
0.7398616940224941,France_17,Chile_17
0.7580416282673401,France_17,Chile_17
0.7376953792437021,France_17,Chile_17
0.6693299701600803,France_17,Chile_17
0.8548399002387825,France_18,Chile_18
0.8241034440930531,France_18,Chile_18
0.802581181980971,France_18,Chile_18
0.7831943924009432,France_18,Chile_18
0.8579394067551152,France_19,Chile_19
0.7609358514561462,France_19,Chile_19
0.7809959062041606,France_19,Chile_19
0.7162256988434372,France_20,Chile_20
0.7422591945886303,France_20,Chile_20
0.6696070860574742,Georgia_16,Chile_16
0.6329099007597332,Georgia_16,Chile_16
0.6167286114011251,Georgia_16,Chile_16
0.7820904771349455,Georgia_17,Chile_17
0.7500940197604274,Georgia_17,Chile_17
0.7977674945523562,Georgia_17,Chile_17
0.7292825831369986,Georgia_17,Chile_17
0.6314106483904294,Georgia_18,Chile_18
0.7118514276064625,Georgia_19,Chile_19
0.761776365781187,Georgia_19,Chile_19
0.7169235086114636,Georgia_19,Chile_19
0.7089216674986981,Georgia_20,Chile_20
0.6468693511163152,Georgia_20,Chile_20
0.7345386713920063,Georgia_21,Chile_21
0.6078234009809671,Germany_6,Chile_6
0.628001488391839,Germany_6,Chile_6
0.6036997764620503,Germany_6,Chile_6
0.6053089313720251,Germany_6,Chile_6
0.6142962369120375,Germany_6,Chile_6
0.6503018983888059,Germany_6,Chile_6
0.6205514960370175,Germany_6,Chile_6
0.663195334574982,Germany_7,Chile_7
0.6662365621235825,Germany_7,Chile_7
0.6641914616155575,Germany_7,Chile_7
0.6309464419976099,Germany_7,Chile_7
0.6496692303659845,Germany_7,Chile_7
0.6099295206318625,Germany_7,Chile_7
0.6496954735641826,Germany_9,Chile_9
0.7569244608878416,Germany_9,Chile_9
0.7310758308303393,Germany_9,Chile_9
0.7410194751661386,Germany_9,Chile_9
0.7119021324096148,Germany_9,Chile_9
0.7947129092273946,Germany_9,Chile_9
0.7393371988695405,Germany_9,Chile_9
0.7269290247286557,Germany_10,Chile_10
0.6671825864390666,Germany_10,Chile_10
0.686041077783763,Germany_10,Chile_10
0.6832399044097249,Germany_10,Chile_10
0.7307136581045945,Germany_10,Chile_10
0.6743805444354655,Germany_10,Chile_10
0.636563673831996,Germany_11,Chile_11
0.7409933524480881,Germany_11,Chile_11
0.7875910248676122,Germany_11,Chile_11
0.7964228860110082,Germany_11,Chile_11
0.8076791447474516,Germany_11,Chile_11
0.777798006454307,Germany_11,Chile_11
0.7621160942741931,Germany_11,Chile_11
0.6956314656848965,Germany_12,Chile_12
0.7231008697788947,Germany_12,Chile_12
0.7501160514731947,Germany_12,Chile_12
0.7510811673330522,Germany_12,Chile_12
0.7243322425837804,Germany_12,Chile_12
0.7533021244862544,Germany_12,Chile_12
0.686406035330509,Germany_12,Chile_12
0.7278211226107605,Germany_13,Chile_13
0.7130357491952205,Germany_13,Chile_13
0.7050461590556198,Germany_13,Chile_13
0.6959309007239819,Germany_13,Chile_13
0.6075073680399387,Germany_13,Chile_13
0.7410306366170804,Germany_13,Chile_13
0.6721727268702823,Germany_13,Chile_13
0.6110877325883309,Germany_14,Chile_14
0.6676250946248379,Germany_14,Chile_14
0.629625862972296,Germany_14,Chile_14
0.7039847790615597,Germany_14,Chile_14
0.681387687355568,Germany_14,Chile_14
0.6086097112389616,Germany_15,Chile_15
0.6307252818654006,Germany_15,Chile_15
0.6074009246780822,Germany_15,Chile_15
0.695960231584811,Germany_15,Chile_15
0.6782043781166556,Germany_15,Chile_15
0.757345597340499,Germany_16,Chile_16
0.7369477268321374,Germany_16,Chile_16
0.7112659200161374,Germany_16,Chile_16
0.7637405092714972,Germany_16,Chile_16
0.7220864555647013,Germany_16,Chile_16
0.8082645502246393,Germany_17,Chile_17
0.7298754320120043,Germany_17,Chile_17
0.7620169528926709,Germany_17,Chile_17
0.7093420809136035,Germany_17,Chile_17
0.7882973268781667,Germany_18,Chile_18
0.6828654336238397,Germany_18,Chile_18
0.6671258553126767,Germany_18,Chile_18
0.6755990750307466,Germany_18,Chile_18
0.8430580095231073,Germany_19,Chile_19
0.8823371368515133,Germany_19,Chile_19
0.8837975203632212,Germany_19,Chile_19
0.7826722450001814,Germany_20,Chile_20
0.8338047717207117,Germany_20,Chile_20
0.9063429219730502,Germany_21,Chile_21
0.7471430332224065,Greece_13,Chile_13
0.6468496187157236,Greece_13,Chile_13
0.7480195529535215,Greece_13,Chile_13
0.6843106362959017,Greece_13,Chile_13
0.6182663508338071,Greece_13,Chile_13
0.6464223151431433,Greece_13,Chile_13
0.6590213178152579,Greece_14,Chile_14
0.6857131890672451,Greece_14,Chile_14
0.6635908639798148,Greece_14,Chile_14
0.7216223437502769,Greece_14,Chile_14
0.6610732865346958,Greece_15,Chile_15
0.7389927846420897,Greece_15,Chile_15
0.7948592612162565,Greece_15,Chile_15
0.6398899376015155,Greece_15,Chile_15
0.6693116941403161,Greece_15,Chile_15
0.6084990460398482,Greece_15,Chile_15
0.72468872055247,Greece_16,Chile_16
0.7019367055367193,Greece_16,Chile_16
0.6821199387131557,Greece_16,Chile_16
0.792382659236694,Greece_17,Chile_17
0.8202278340516981,Greece_17,Chile_17
0.8061813904508274,Greece_17,Chile_17
0.7836858903646495,Greece_17,Chile_17
0.8197197994049973,Greece_18,Chile_18
0.761706801973039,Greece_18,Chile_18
0.8275754578147153,Greece_18,Chile_18
0.8016070936297469,Greece_18,Chile_18
0.7062387544360726,Greece_20,Chile_20
0.7229836487216184,Greece_20,Chile_20
0.6724683176771898,Hungary_15,Chile_15
0.627548736685662,Hungary_15,Chile_15
0.7851076889159172,Hungary_16,Chile_16
0.7848696774671476,Hungary_16,Chile_16
0.7430197614510595,Hungary_16,Chile_16
0.7307345833769866,Hungary_16,Chile_16
0.6917495123702858,Hungary_16,Chile_16
0.7107656048686354,Hungary_19,Chile_19
0.7505592108532321,Hungary_19,Chile_19
0.7164805628511911,Hungary_19,Chile_19
0.6245083821139404,Iceland_9,Chile_9
0.6944079404325879,Iceland_9,Chile_9
0.7034055626620999,Iceland_10,Chile_10
0.6970751469232989,Iceland_10,Chile_10
0.6416414639961556,Iceland_10,Chile_10
0.7404270549001979,Iceland_10,Chile_10
0.6407793810777689,Iceland_11,Chile_11
0.6815985792761906,Iceland_11,Chile_11
0.7114641545960319,Iceland_12,Chile_12
0.7049270013537775,Iceland_12,Chile_12
0.6513152619882379,Iceland_12,Chile_12
0.716689562443371,Iceland_12,Chile_12
0.6189370916742899,Iceland_12,Chile_12
0.6443489425438068,Iceland_12,Chile_12
0.6222511426132458,Iceland_12,Chile_12
0.7700946035944002,Iceland_14,Chile_14
0.7940690212190582,Iceland_14,Chile_14
0.7824931757049965,Iceland_14,Chile_14
0.8271697272682058,Iceland_14,Chile_14
0.6878523489656572,Iceland_14,Chile_14
0.6676461646980495,Iceland_14,Chile_14
0.6580842022486543,Iceland_14,Chile_14
0.7505946724739718,Iceland_16,Chile_16
0.7449198752910869,Iceland_16,Chile_16
0.6391483809397487,Iceland_16,Chile_16
0.6311165286111518,Iceland_16,Chile_16
0.719449517592212,Iceland_17,Chile_17
0.6556989392681982,Iceland_17,Chile_17
0.6133360143669809,Iceland_17,Chile_17
0.7396705320457749,Iceland_18,Chile_18
0.6338793696109046,Iceland_18,Chile_18
0.6743028598411277,Iceland_18,Chile_18
0.6529986712847291,Iceland_18,Chile_18
0.7226930062217276,Iceland_19,Chile_19
0.6223075684728554,Iceland_19,Chile_19
0.673691321155778,Iceland_19,Chile_19
0.8438386774811154,Iceland_20,Chile_20
0.9042578901711091,Iceland_20,Chile_20
0.9143867018874524,Iceland_21,Chile_21
0.6507913227618696,Ireland_7,Chile_7
0.6614926767042638,Ireland_7,Chile_7
0.6336408158615756,Ireland_7,Chile_7
0.672033381603104,Ireland_7,Chile_7
0.6179557674453987,Ireland_7,Chile_7
0.6069979361576616,Ireland_10,Chile_10
0.6240232587628126,Ireland_12,Chile_12
0.6140575107334297,Ireland_12,Chile_12
0.6401601974773159,Ireland_12,Chile_12
0.6055876004866896,Ireland_12,Chile_12
0.6914949740681514,Ireland_13,Chile_13
0.7404114034301282,Ireland_13,Chile_13
0.7021567506378593,Ireland_13,Chile_13
0.7118853207260736,Ireland_13,Chile_13
0.6252207116736008,Ireland_13,Chile_13
0.6147028853566137,Ireland_13,Chile_13
0.6218338143947323,Ireland_14,Chile_14
0.7042008963282936,Ireland_14,Chile_14
0.733116983772223,Ireland_14,Chile_14
0.7542953851089851,Ireland_14,Chile_14
0.7571607948050669,Ireland_14,Chile_14
0.7242402781709033,Ireland_14,Chile_14
0.7260223822753842,Ireland_14,Chile_14
0.6868883161450273,Ireland_15,Chile_15
0.7361867510401873,Ireland_15,Chile_15
0.7554305016955787,Ireland_15,Chile_15
0.7465910623772593,Ireland_15,Chile_15
0.6986288449238293,Ireland_15,Chile_15
0.6966031951254429,Ireland_15,Chile_15
0.8479519722121327,Ireland_16,Chile_16
0.8212558570453417,Ireland_16,Chile_16
0.7730941272627158,Ireland_16,Chile_16
0.7560745003175969,Ireland_16,Chile_16
0.7769931484268673,Ireland_16,Chile_16
0.7605028337689496,Ireland_17,Chile_17
0.7304920801809666,Ireland_17,Chile_17
0.7543487039493887,Ireland_17,Chile_17
0.7157428653121559,Ireland_17,Chile_17
0.8040045558085104,Ireland_18,Chile_18
0.8227305643560654,Ireland_18,Chile_18
0.8377772296949986,Ireland_18,Chile_18
0.8305165275195739,Ireland_18,Chile_18
0.7870354010979984,Ireland_20,Chile_20
0.7971783213541317,Ireland_20,Chile_20
0.600851763687447,Italy_10,Chile_10
0.6163795671568927,Italy_10,Chile_10
0.6419667665958374,Italy_14,Chile_14
0.7269456914574145,Italy_14,Chile_14
0.6314556366924825,Italy_14,Chile_14
0.7263865317289947,Italy_14,Chile_14
0.740736954736744,Italy_15,Chile_15
0.6145106047400255,Italy_15,Chile_15
0.6708889863935129,Italy_15,Chile_15
0.6127268684426546,Italy_18,Chile_18
0.6463476159613134,Italy_18,Chile_18
0.6264121071357636,Italy_18,Chile_18
0.6027030335166123,Italy_18,Chile_18
0.7544070061769742,Italy_19,Chile_19
0.6943663043882987,Italy_19,Chile_19
0.7623756199316829,Italy_19,Chile_19
0.7578704114695614,Italy_20,Chile_20
0.7953572070015125,Italy_20,Chile_20
0.6235157595535741,Japan_9,Chile_9
0.6105086367368301,Japan_10,Chile_10
0.6530980578315211,Japan_11,Chile_11
0.6600509450563883,Japan_11,Chile_11
0.6685190932953952,Japan_11,Chile_11
0.6883398259278348,Japan_11,Chile_11
0.6670343183974686,Japan_17,Chile_17
0.6475181185680388,Japan_17,Chile_17
0.6444914203899177,Japan_17,Chile_17
0.6579654777429298,Japan_17,Chile_17
0.7684605968590199,Japan_18,Chile_18
0.7704185522122491,Japan_18,Chile_18
0.8120386510490111,Japan_18,Chile_18
0.7983441215565574,Japan_18,Chile_18
0.7245348447671287,Japan_19,Chile_19
0.8063599514925585,Japan_19,Chile_19
0.7579266119286246,Japan_19,Chile_19
0.8637921816840655,Japan_20,Chile_20
0.8970349812832785,Japan_20,Chile_20
0.7284782566616076,Latvia_16,Chile_16
0.7063286848058975,Latvia_16,Chile_16
0.7245399890567317,Latvia_16,Chile_16
0.728059188597141,Latvia_16,Chile_16
0.7212056734526012,Latvia_16,Chile_16
0.7802479370950397,Latvia_17,Chile_17
0.6949456532897426,Latvia_17,Chile_17
0.7329089307184876,Latvia_17,Chile_17
0.6600594490716853,Latvia_17,Chile_17
0.839077291644283,Latvia_18,Chile_18
0.7704220293464397,Latvia_18,Chile_18
0.734274854401898,Latvia_18,Chile_18
0.6883728804407043,Latvia_18,Chile_18
0.653429558470934,Latvia_19,Chile_19
0.7259230611670003,Latvia_20,Chile_20
0.6732195214129846,Latvia_20,Chile_20
0.8175733194207391,Lithuania_17,Chile_17
0.7958969462503935,Lithuania_17,Chile_17
0.8327605736056024,Lithuania_17,Chile_17
0.76738240665374,Lithuania_17,Chile_17
0.7587663933884053,Lithuania_18,Chile_18
0.7234892510787626,Lithuania_18,Chile_18
0.7774976011396614,Lithuania_18,Chile_18
0.6736977039428986,Lithuania_18,Chile_18
0.7688199560713379,Lithuania_19,Chile_19
0.749253281349814,Lithuania_19,Chile_19
0.7252091475874822,Lithuania_19,Chile_19
0.8248267634223341,Lithuania_20,Chile_20
0.8358266797513616,Lithuania_20,Chile_20
0.8558292838919608,Lithuania_21,Chile_21
0.6752420359358219,Luxembourg_9,Chile_9
0.6215792210752599,Luxembourg_9,Chile_9
0.7336095506279844,Luxembourg_9,Chile_9
0.6724204222163985,Luxembourg_9,Chile_9
0.6613963744695194,Luxembourg_9,Chile_9
0.6104527138594694,Luxembourg_9,Chile_9
0.6153051800827604,Luxembourg_10,Chile_10
0.6896725239810612,Luxembourg_11,Chile_11
0.6736922242533505,Luxembourg_11,Chile_11
0.829108639308281,Luxembourg_11,Chile_11
0.7763787091712565,Luxembourg_11,Chile_11
0.7837827995316444,Luxembourg_11,Chile_11
0.7657602353852065,Luxembourg_11,Chile_11
0.7339870649370701,Luxembourg_11,Chile_11
0.6207676460769885,Luxembourg_12,Chile_12
0.6871830708917752,Luxembourg_12,Chile_12
0.6332039527691862,Luxembourg_12,Chile_12
0.6383440455843129,Luxembourg_12,Chile_12
0.7010364289428205,Luxembourg_12,Chile_12
0.630265601334003,Luxembourg_12,Chile_12
0.6260469633430147,Luxembourg_13,Chile_13
0.6738655368792196,Luxembourg_13,Chile_13
0.7327045360072106,Luxembourg_13,Chile_13
0.6850104953187686,Luxembourg_13,Chile_13
0.6893657233364704,Luxembourg_13,Chile_13
0.7096515621042498,Luxembourg_13,Chile_13
0.6660909092596223,Luxembourg_13,Chile_13
0.674141908276177,Luxembourg_14,Chile_14
0.6980124230713941,Luxembourg_14,Chile_14
0.6431422430252803,Luxembourg_14,Chile_14
0.6293854917048873,Luxembourg_14,Chile_14
0.680557145991563,Luxembourg_14,Chile_14
0.6434145495200871,Luxembourg_14,Chile_14
0.7105644027070189,Luxembourg_15,Chile_15
0.7574834449159259,Luxembourg_15,Chile_15
0.735469764360426,Luxembourg_15,Chile_15
0.7119926607310086,Luxembourg_15,Chile_15
0.7767107877939492,Luxembourg_15,Chile_15
0.7337248604135512,Luxembourg_15,Chile_15
0.8425746055093327,Luxembourg_16,Chile_16
0.8324273956449519,Luxembourg_16,Chile_16
0.8208443814969324,Luxembourg_16,Chile_16
0.8159877024805593,Luxembourg_16,Chile_16
0.7583918068652631,Luxembourg_16,Chile_16
0.7894714673052468,Luxembourg_17,Chile_17
0.8086259067677831,Luxembourg_17,Chile_17
0.8577305933384898,Luxembourg_17,Chile_17
0.8124087548741928,Luxembourg_17,Chile_17
0.8115311807836431,Luxembourg_18,Chile_18
0.808304824131505,Luxembourg_18,Chile_18
0.8435941534832722,Luxembourg_18,Chile_18
0.8375450146900603,Luxembourg_18,Chile_18
0.8637906210851087,Luxembourg_19,Chile_19
0.8874394791653573,Luxembourg_19,Chile_19
0.8840719383466705,Luxembourg_19,Chile_19
0.9020345507112741,Malta_16,Chile_16
0.8712519136839306,Malta_16,Chile_16
0.8509684645983667,Malta_16,Chile_16
0.8571573500603837,Malta_16,Chile_16
0.8267918427122833,Malta_16,Chile_16
0.6217660850742187,Mexico_8,Chile_8
0.6586195576179122,Mexico_8,Chile_8
0.6361446828687687,Mexico_8,Chile_8
0.6214796357049243,Mexico_8,Chile_8
0.6203510977403821,Mexico_8,Chile_8
0.6492748457980849,Mexico_10,Chile_10
0.6273970789037737,Mexico_10,Chile_10
0.6795359232081649,Mexico_11,Chile_11
0.6096120434069887,Mexico_11,Chile_11
0.7317243363249254,Mexico_12,Chile_12
0.7248858150959285,Mexico_12,Chile_12
0.7170272487702626,Mexico_12,Chile_12
0.6839002192205622,Mexico_12,Chile_12
0.6322568802195496,Mexico_12,Chile_12
0.6836244308542527,Mexico_12,Chile_12
0.6176666688408528,Mexico_12,Chile_12
0.7179931543344301,Mexico_14,Chile_14
0.6364576272877711,Mexico_14,Chile_14
0.7003287685572436,Mexico_14,Chile_14
0.6369016958243322,Mexico_14,Chile_14
0.6523768223344809,Mexico_14,Chile_14
0.6030099828987259,Mexico_14,Chile_14
0.7829797428704918,Mexico_15,Chile_15
0.8505360620358923,Mexico_15,Chile_15
0.7706995408093891,Mexico_15,Chile_15
0.7143645588612294,Mexico_15,Chile_15
0.8292839288350976,Mexico_15,Chile_15
0.7476673765227341,Mexico_15,Chile_15
0.8816449646007987,Mexico_16,Chile_16
0.820379446820012,Mexico_16,Chile_16
0.7594200225465108,Mexico_16,Chile_16
0.8079924596710472,Mexico_16,Chile_16
0.7539286061611645,Mexico_16,Chile_16
0.815647386717534,Mexico_17,Chile_17
0.6756751881551444,Mexico_17,Chile_17
0.7228035243027805,Mexico_17,Chile_17
0.6486867774417765,Mexico_17,Chile_17
0.7634033583648089,Mexico_20,Chile_20
0.7260987844159428,Mexico_20,Chile_20
0.6032617642317811,Moldova_15,Chile_15
0.6482663475571795,Moldova_16,Chile_16
0.6996488828668628,Moldova_16,Chile_16
0.6572766161188945,Moldova_16,Chile_16
0.6213764729528145,Moldova_16,Chile_16
0.6040839145825198,Moldova_16,Chile_16
0.705495041009891,Moldova_18,Chile_18
0.6023610385286542,Moldova_18,Chile_18
0.6637124709696733,Moldova_18,Chile_18
0.6377866170349703,Moldova_19,Chile_19
0.7892267792668205,Moldova_20,Chile_20
0.7343205738837293,Moldova_20,Chile_20
0.7065312368862079,Montenegro_18,Chile_18
0.6034754914827024,Montenegro_18,Chile_18
0.6115962856954134,Montenegro_18,Chile_18
0.7394498530463198,Montenegro_19,Chile_19
0.7139337305195993,Montenegro_19,Chile_19
0.6414253432516611,Montenegro_19,Chile_19
0.6336208153938461,Montenegro_21,Chile_21
0.644226430147499,Netherlands_6,Chile_6
0.6321772910184311,Netherlands_6,Chile_6
0.7013525661591411,Netherlands_6,Chile_6
0.6118238192629873,Netherlands_6,Chile_6
0.6510193067523853,Netherlands_7,Chile_7
0.6284350635009656,Netherlands_7,Chile_7
0.6370154126838117,Netherlands_7,Chile_7
0.6625389153934024,Netherlands_8,Chile_8
0.702755224927697,Netherlands_8,Chile_8
0.7215622262801384,Netherlands_8,Chile_8
0.6728247800888598,Netherlands_8,Chile_8
0.6657726366953177,Netherlands_8,Chile_8
0.6718952478855069,Netherlands_8,Chile_8
0.6478945692284339,Netherlands_8,Chile_8
0.7087823699178399,Netherlands_9,Chile_9
0.6480429399545309,Netherlands_9,Chile_9
0.7316641640984296,Netherlands_9,Chile_9
0.6921119935755989,Netherlands_9,Chile_9
0.669929190206294,Netherlands_9,Chile_9
0.6912255680412899,Netherlands_9,Chile_9
0.6813251367148072,Netherlands_9,Chile_9
0.7418376619144315,Netherlands_10,Chile_10
0.686986574891247,Netherlands_10,Chile_10
0.6836735353343912,Netherlands_10,Chile_10
0.6130594373654552,Netherlands_10,Chile_10
0.6221030845546438,Netherlands_10,Chile_10
0.7417547723012541,Netherlands_11,Chile_11
0.7189288457779693,Netherlands_11,Chile_11
0.8478089073259555,Netherlands_11,Chile_11
0.7655592175575259,Netherlands_11,Chile_11
0.7216254938495068,Netherlands_11,Chile_11
0.7825346126061429,Netherlands_11,Chile_11
0.743878016102615,Netherlands_11,Chile_11
0.7486926610741715,Netherlands_12,Chile_12
0.732943900963605,Netherlands_12,Chile_12
0.8236518587158973,Netherlands_12,Chile_12
0.7715079660092771,Netherlands_12,Chile_12
0.7276928012601718,Netherlands_12,Chile_12
0.7477243265081283,Netherlands_12,Chile_12
0.7251733562977529,Netherlands_12,Chile_12
0.7672570029688973,Netherlands_13,Chile_13
0.7191161812023703,Netherlands_13,Chile_13
0.7376346083819374,Netherlands_13,Chile_13
0.7046092445843141,Netherlands_13,Chile_13
0.6285113663694457,Netherlands_13,Chile_13
0.6495489787855908,Netherlands_13,Chile_13
0.6434550532169624,Netherlands_13,Chile_13
0.6615043291599204,Netherlands_14,Chile_14
0.7297976486823529,Netherlands_14,Chile_14
0.7222097977441336,Netherlands_14,Chile_14
0.6913347817917437,Netherlands_14,Chile_14
0.6246165230307368,Netherlands_14,Chile_14
0.6667181403389008,Netherlands_14,Chile_14
0.6585299693929105,Netherlands_14,Chile_14
0.7222566791457821,Netherlands_15,Chile_15
0.657656683629674,Netherlands_15,Chile_15
0.6837540057374419,Netherlands_15,Chile_15
0.6072035763401014,Netherlands_15,Chile_15
0.8542303566854704,Netherlands_16,Chile_16
0.8203352277102434,Netherlands_16,Chile_16
0.8058554754484462,Netherlands_16,Chile_16
0.8728886294061604,Netherlands_16,Chile_16
0.8523781370440275,Netherlands_16,Chile_16
0.8089970743222111,Netherlands_17,Chile_17
0.7705974667654379,Netherlands_17,Chile_17
0.8140359313748915,Netherlands_17,Chile_17
0.735760334728228,Netherlands_17,Chile_17
0.7543914989899991,Netherlands_18,Chile_18
0.6906010664198348,Netherlands_18,Chile_18
0.7933085896625415,Netherlands_18,Chile_18
0.727016303385212,Netherlands_18,Chile_18
0.6989224012723488,Netherlands_19,Chile_19
0.6893826806262887,Netherlands_19,Chile_19
0.7147032609580947,Netherlands_19,Chile_19
0.7283852690156521,Netherlands_20,Chile_20
0.808550106057026,Netherlands_20,Chile_20
0.908450873631933,Netherlands_21,Chile_21
0.6035688512049922,New Zealand_8,Chile_8
0.6397252976132457,New Zealand_9,Chile_9
0.6064544028094319,New Zealand_9,Chile_9
0.616290280339456,New Zealand_9,Chile_9
0.6062208860266408,New Zealand_9,Chile_9
0.6921509270321133,New Zealand_10,Chile_10
0.6755854716938189,New Zealand_10,Chile_10
0.6450599279562279,New Zealand_10,Chile_10
0.6719691490105998,New Zealand_10,Chile_10
0.6661317911830451,New Zealand_10,Chile_10
0.6319458112377934,New Zealand_11,Chile_11
0.6619830592479929,New Zealand_11,Chile_11
0.6446730740737645,New Zealand_11,Chile_11
0.6595997639149785,New Zealand_11,Chile_11
0.6656209414871578,New Zealand_11,Chile_11
0.655621743753581,New Zealand_12,Chile_12
0.6222293814757965,New Zealand_12,Chile_12
0.6201698584822934,New Zealand_12,Chile_12
0.6670323527780532,New Zealand_12,Chile_12
0.6474014262969137,New Zealand_14,Chile_14
0.7866253518752221,New Zealand_14,Chile_14
0.8198163549854499,New Zealand_14,Chile_14
0.7721506111897063,New Zealand_14,Chile_14
0.7761340566637621,New Zealand_14,Chile_14
0.792132433218476,New Zealand_14,Chile_14
0.7694219820481168,New Zealand_14,Chile_14
0.6816230137895355,New Zealand_15,Chile_15
0.7907473647146035,New Zealand_15,Chile_15
0.7643143754328878,New Zealand_15,Chile_15
0.7037190381194313,New Zealand_15,Chile_15
0.7650946832782842,New Zealand_15,Chile_15
0.720584098094585,New Zealand_15,Chile_15
0.7868432423258183,New Zealand_16,Chile_16
0.7671440764494173,New Zealand_16,Chile_16
0.7098309680770132,New Zealand_16,Chile_16
0.7495084091024363,New Zealand_16,Chile_16
0.7134151960548947,New Zealand_16,Chile_16
0.7321999250621951,New Zealand_17,Chile_17
0.7031119665713031,New Zealand_17,Chile_17
0.7431759666245629,New Zealand_17,Chile_17
0.6906976169407569,New Zealand_17,Chile_17
0.7925661199522288,New Zealand_18,Chile_18
0.6314224031191507,New Zealand_18,Chile_18
0.6502970672898103,New Zealand_18,Chile_18
0.8026872472657365,New Zealand_19,Chile_19
0.8167371982147512,New Zealand_19,Chile_19
0.8046247564571619,New Zealand_19,Chile_19
0.8249232103361791,New Zealand_20,Chile_20
0.8177292101372362,New Zealand_20,Chile_20
0.8429473377503011,New Zealand_21,Chile_21
0.6509072311286868,North Macedonia_16,Chile_16
0.7370874204488155,North Macedonia_18,Chile_18
0.7348327641794856,North Macedonia_18,Chile_18
0.7362973823579873,North Macedonia_18,Chile_18
0.6878179765164916,North Macedonia_18,Chile_18
0.6376613110166671,Northern Ireland_2,Chile_2
0.6110642865374746,Northern Ireland_10,Chile_10
0.606295992444469,Northern Ireland_10,Chile_10
0.6399772711361408,Northern Ireland_10,Chile_10
0.6076600387952794,Northern Ireland_11,Chile_11
0.6014955743765578,Northern Ireland_11,Chile_11
0.6296125939293258,Northern Ireland_11,Chile_11
0.6969440519246698,Norway_6,Chile_6
0.7209488643706998,Norway_6,Chile_6
0.7343307192344513,Norway_6,Chile_6
0.681727216555817,Norway_6,Chile_6
0.694906137575741,Norway_6,Chile_6
0.6905248603727927,Norway_6,Chile_6
0.6307441544568277,Norway_6,Chile_6
0.6619373151583233,Norway_7,Chile_7
0.6946882882647273,Norway_7,Chile_7
0.7133043313215885,Norway_7,Chile_7
0.6421940631424288,Norway_7,Chile_7
0.6499874919985026,Norway_7,Chile_7
0.6407154068134849,Norway_7,Chile_7
0.6918757283770938,Norway_8,Chile_8
0.7698991711183801,Norway_8,Chile_8
0.7227204849844479,Norway_8,Chile_8
0.6876942794706494,Norway_8,Chile_8
0.705795342123255,Norway_8,Chile_8
0.7040028885209462,Norway_8,Chile_8
0.6399802894365848,Norway_8,Chile_8
0.6763651189131489,Norway_9,Chile_9
0.7482627400765768,Norway_9,Chile_9
0.7244752264594393,Norway_9,Chile_9
0.6675315230741535,Norway_9,Chile_9
0.7063731891501973,Norway_9,Chile_9
0.6440992664915655,Norway_9,Chile_9
0.7460256425549967,Norway_10,Chile_10
0.7822722388377564,Norway_10,Chile_10
0.8211351294713993,Norway_10,Chile_10
0.7680260878579538,Norway_10,Chile_10
0.803641128887445,Norway_10,Chile_10
0.7538654266700079,Norway_10,Chile_10
0.699829745235852,Norway_10,Chile_10
0.7678934814506276,Norway_11,Chile_11
0.7907247727358573,Norway_11,Chile_11
0.8450949879774889,Norway_11,Chile_11
0.7700247244034422,Norway_11,Chile_11
0.756852896373968,Norway_11,Chile_11
0.7429961084172483,Norway_11,Chile_11
0.7267545528788036,Norway_11,Chile_11
0.7302596129030139,Norway_12,Chile_12
0.7354633824098106,Norway_12,Chile_12
0.8123072397219849,Norway_12,Chile_12
0.7388781757438628,Norway_12,Chile_12
0.713228239623498,Norway_12,Chile_12
0.6820086844590171,Norway_12,Chile_12
0.6774577285510361,Norway_12,Chile_12
0.7036608220851532,Norway_13,Chile_13
0.746813132480618,Norway_13,Chile_13
0.7612257489971249,Norway_13,Chile_13
0.6824426981761228,Norway_13,Chile_13
0.6312340785626955,Norway_13,Chile_13
0.6259748335200422,Norway_13,Chile_13
0.6014299477131383,Norway_13,Chile_13
0.7304997217327495,Norway_14,Chile_14
0.7828179856761902,Norway_14,Chile_14
0.8370589050000794,Norway_14,Chile_14
0.7848869334081227,Norway_14,Chile_14
0.771683560956681,Norway_14,Chile_14
0.7428068443914125,Norway_14,Chile_14
0.7111300495833808,Norway_14,Chile_14
0.6857245434837234,Norway_15,Chile_15
0.7019497446877255,Norway_15,Chile_15
0.6495681910458395,Norway_15,Chile_15
0.6807074391044786,Norway_15,Chile_15
0.6963534040228139,Norway_15,Chile_15
0.8034237254058413,Norway_16,Chile_16
0.727855383262828,Norway_16,Chile_16
0.6994299756676701,Norway_16,Chile_16
0.7569250149414745,Norway_16,Chile_16
0.7599475473214566,Norway_16,Chile_16
0.7739849190761003,Norway_17,Chile_17
0.779650442040886,Norway_17,Chile_17
0.7906672286888656,Norway_17,Chile_17
0.7844257006859091,Norway_17,Chile_17
0.78917342250463,Norway_18,Chile_18
0.7933282891786927,Norway_18,Chile_18
0.8110055652363666,Norway_18,Chile_18
0.795269029781864,Norway_18,Chile_18
0.7684245717684975,Norway_19,Chile_19
0.8540565456963878,Norway_19,Chile_19
0.8626369577974714,Norway_19,Chile_19
0.8812487111891835,Norway_20,Chile_20
0.9072838898634686,Norway_20,Chile_20
0.6822997106647791,Panama_15,Chile_15
0.8047031427305528,Panama_15,Chile_15
0.7725757121421949,Panama_15,Chile_15
0.7868850652406322,Panama_15,Chile_15
0.7145131798383987,Panama_15,Chile_15
0.7197708899420231,Panama_15,Chile_15
0.8401387824370558,Panama_16,Chile_16
0.8153176909850585,Panama_16,Chile_16
0.8288040126033681,Panama_16,Chile_16
0.7637717524009808,Panama_16,Chile_16
0.7613863770144351,Panama_16,Chile_16
0.6340986704485523,Panama_17,Chile_17
0.6204660667662918,Panama_17,Chile_17
0.6077506032562662,Panama_17,Chile_17
0.7982485404386058,Panama_18,Chile_18
0.8256423258380261,Panama_18,Chile_18
0.8582601618207971,Panama_18,Chile_18
0.8660802393902606,Panama_18,Chile_18
0.8568454235760435,Panama_19,Chile_19
0.8645442716272136,Panama_19,Chile_19
0.8653596597741334,Panama_19,Chile_19
0.8400339334237923,Panama_20,Chile_20
0.8522360921010254,Panama_20,Chile_20
0.8022324150572541,Peru_19,Chile_19
0.8951326176570008,Peru_19,Chile_19
0.8790796217102665,Peru_19,Chile_19
0.6873158197910239,Poland_16,Chile_16
0.74709459103457,Poland_16,Chile_16
0.6573718364511312,Poland_16,Chile_16
0.6374114632199283,Poland_16,Chile_16
0.6658600058088048,Poland_17,Chile_17
0.6370629075192529,Poland_17,Chile_17
0.7453239515073453,Poland_18,Chile_18
0.7280749734854667,Poland_18,Chile_18
0.6717017273190891,Poland_18,Chile_18
0.6466136025000724,Poland_18,Chile_18
0.61586954742184,Poland_19,Chile_19
0.6049151667092494,Poland_19,Chile_19
0.7936186683615112,Poland_20,Chile_20
0.7440487584254625,Poland_20,Chile_20
0.6601265306650477,Portugal_12,Chile_12
0.6244179633878251,Portugal_12,Chile_12
0.6484438238131082,Portugal_13,Chile_13
0.6316722950971134,Portugal_13,Chile_13
0.6504531756997118,Portugal_13,Chile_13
0.7385889866054283,Portugal_13,Chile_13
0.6691784327938848,Portugal_14,Chile_14
0.847413498192957,Portugal_18,Chile_18
0.8677403576193201,Portugal_18,Chile_18
0.8176502144296945,Portugal_18,Chile_18
0.8104947809676853,Portugal_18,Chile_18
0.7422622904734225,Portugal_19,Chile_19
0.6189625580991822,Portugal_19,Chile_19
0.628436679208375,Portugal_19,Chile_19
0.8556941069159406,Portugal_20,Chile_20
0.8976376150529785,Portugal_20,Chile_20
0.6298531158343014,Romania_15,Chile_15
0.6273050765205572,Romania_15,Chile_15
0.6373284782176136,Romania_16,Chile_16
0.6264733288909133,Romania_16,Chile_16
0.6285138378396028,Romania_16,Chile_16
0.6782221125347843,Romania_16,Chile_16
0.6041939316049558,Romania_16,Chile_16
0.6552781470114984,Romania_17,Chile_17
0.6084690765947532,Romania_17,Chile_17
0.6635188753193243,Romania_17,Chile_17
0.6266917557030238,Romania_17,Chile_17
0.7275626212633244,Romania_18,Chile_18
0.6898256206188439,Romania_18,Chile_18
0.7206367460203884,Romania_18,Chile_18
0.7026805083486141,Romania_18,Chile_18
0.6114758836189006,Romania_19,Chile_19
0.6900355240299153,Romania_20,Chile_20
0.6597437849212656,Romania_20,Chile_20
0.7957271329702635,Russia_17,Chile_17
0.6675733883849225,Russia_17,Chile_17
0.6603933732542029,Russia_17,Chile_17
0.6433335929912898,Russia_17,Chile_17
0.7036288201510796,Russia_18,Chile_18
0.6956987265274253,Russia_18,Chile_18
0.6343034390611585,Russia_18,Chile_18
0.6867620975761104,Russia_19,Chile_19
0.6077972975019955,Russia_19,Chile_19
0.6847396108751096,Serbia_18,Chile_18
0.6172772352242231,Serbia_18,Chile_18
0.66180974133219,Serbia_19,Chile_19
0.6803794876195084,Serbia_19,Chile_19
0.6391502317641157,Serbia_19,Chile_19
0.7745355545434722,Serbia_20,Chile_20
0.7210392455984697,Serbia_20,Chile_20
0.7288611020945931,Slovakia_16,Chile_16
0.6861515454260078,Slovakia_16,Chile_16
0.7445088596574864,Slovakia_16,Chile_16
0.7553140214983526,Slovakia_16,Chile_16
0.7368598476989822,Slovakia_16,Chile_16
0.6362647143230349,Slovakia_17,Chile_17
0.6198216040310418,Slovakia_17,Chile_17
0.6172255045210463,Slovakia_17,Chile_17
0.8090645011688262,Slovakia_18,Chile_18
0.8343896893429419,Slovakia_18,Chile_18
0.7947019584722483,Slovakia_18,Chile_18
0.7551567184697716,Slovakia_18,Chile_18
0.8044007188352125,Slovakia_19,Chile_19
0.770025907696099,Slovakia_19,Chile_19
0.7707214836064632,Slovakia_19,Chile_19
0.6873706574459925,Slovakia_20,Chile_20
0.6541328753354901,Slovakia_20,Chile_20
0.6645330715852935,Slovenia_15,Chile_15
0.706911206424394,Slovenia_15,Chile_15
0.7344417480706831,Slovenia_15,Chile_15
0.8571175754139433,Slovenia_16,Chile_16
0.8159720349656012,Slovenia_16,Chile_16
0.764708224397517,Slovenia_16,Chile_16
0.6887381203066829,Slovenia_16,Chile_16
0.6732400745974333,Slovenia_16,Chile_16
0.7700458347197495,Slovenia_17,Chile_17
0.7261690601783867,Slovenia_17,Chile_17
0.7365902811016649,Slovenia_17,Chile_17
0.7006597970593663,Slovenia_17,Chile_17
0.6177007917013758,Slovenia_18,Chile_18
0.6433228436277444,Slovenia_18,Chile_18
0.6685202658404591,Slovenia_19,Chile_19
0.6689470287184974,Slovenia_19,Chile_19
0.6491034734103025,Slovenia_19,Chile_19
0.9031251812342785,Slovenia_20,Chile_20
0.8932346220861159,Slovenia_20,Chile_20
0.6719938301444771,South Africa_15,Chile_15
0.7532264730720802,South Africa_15,Chile_15
0.7373790393595037,South Africa_15,Chile_15
0.6394713968720847,South Africa_15,Chile_15
0.7592358652574578,South Africa_15,Chile_15
0.6267414211425832,South Africa_15,Chile_15
0.7193731792218164,South Africa_16,Chile_16
0.7634186021839527,South Africa_16,Chile_16
0.6187531805700915,South Africa_16,Chile_16
0.6512660423629093,South Africa_16,Chile_16
0.7562263764461935,South Africa_17,Chile_17
0.6796764881350483,South Africa_17,Chile_17
0.8273980050062506,South Africa_17,Chile_17
0.7097952848836463,South Africa_17,Chile_17
0.821000846526181,South Africa_18,Chile_18
0.7809377671894394,South Africa_18,Chile_18
0.810827376332298,South Africa_18,Chile_18
0.7277114173727776,South Africa_18,Chile_18
0.805016583891469,South Africa_19,Chile_19
0.8309742687624833,South Africa_19,Chile_19
0.7299498513704433,South Africa_19,Chile_19
0.8248752194094893,South Africa_20,Chile_20
0.8168664228839654,South Africa_20,Chile_20
0.7166776131081926,South Korea_15,Chile_15
0.6682600064359405,South Korea_15,Chile_15
0.6325565490723815,South Korea_15,Chile_15
0.6881519249890241,South Korea_15,Chile_15
0.6770282190259326,South Korea_15,Chile_15
0.6598084029627912,South Korea_15,Chile_15
0.7019450448111956,South Korea_16,Chile_16
0.6830474340979574,South Korea_16,Chile_16
0.7050649519209757,South Korea_16,Chile_16
0.7103610832717469,South Korea_16,Chile_16
0.689492414065551,South Korea_16,Chile_16
0.7210198820007917,South Korea_17,Chile_17
0.7487217335851871,South Korea_17,Chile_17
0.7795885561445308,South Korea_17,Chile_17
0.7552271135989321,South Korea_17,Chile_17
0.6829671825499349,South Korea_18,Chile_18
0.6918734580262655,South Korea_18,Chile_18
0.6808811413500332,South Korea_18,Chile_18
0.679240848931592,South Korea_18,Chile_18
0.7708379102723675,South Korea_19,Chile_19
0.7376126108337238,South Korea_19,Chile_19
0.7402075592978058,South Korea_19,Chile_19
0.7421101910736498,South Korea_20,Chile_20
0.7850075972821499,South Korea_20,Chile_20
0.7683380076552142,South Korea_21,Chile_21
0.7308712801136829,Spain_12,Chile_12
0.6962194198661343,Spain_12,Chile_12
0.7912634952414768,Spain_12,Chile_12
0.7290816986402664,Spain_12,Chile_12
0.7081796332855141,Spain_12,Chile_12
0.7347678959738917,Spain_12,Chile_12
0.6926971040165864,Spain_12,Chile_12
0.6870327886420092,Spain_13,Chile_13
0.7850656812716992,Spain_13,Chile_13
0.805989561803486,Spain_13,Chile_13
0.7760425229890553,Spain_13,Chile_13
0.7932197795002084,Spain_13,Chile_13
0.7604155315552036,Spain_13,Chile_13
0.7211938105032626,Spain_13,Chile_13
0.6550988331699655,Spain_14,Chile_14
0.770318974737059,Spain_14,Chile_14
0.7949186741790215,Spain_14,Chile_14
0.7652025812190264,Spain_14,Chile_14
0.7788059872595725,Spain_14,Chile_14
0.8393559974471957,Spain_14,Chile_14
0.7914868111199262,Spain_14,Chile_14
0.8006066580384759,Spain_15,Chile_15
0.8018868883780184,Spain_15,Chile_15
0.7651345549432781,Spain_15,Chile_15
0.7732037900698805,Spain_15,Chile_15
0.836054865400341,Spain_15,Chile_15
0.7804192038008138,Spain_15,Chile_15
0.6965277921569978,Spain_16,Chile_16
0.6896365860793824,Spain_16,Chile_16
0.645569500010703,Spain_16,Chile_16
0.7154167898421347,Spain_16,Chile_16
0.657736666404876,Spain_16,Chile_16
0.8589332763081272,Spain_17,Chile_17
0.8257465110517674,Spain_17,Chile_17
0.8465365415212931,Spain_17,Chile_17
0.785963364936517,Spain_17,Chile_17
0.8026017154113706,Spain_18,Chile_18
0.7979842341979306,Spain_18,Chile_18
0.7792835104512235,Spain_18,Chile_18
0.7715103454587036,Spain_18,Chile_18
0.829235824782619,Spain_19,Chile_19
0.8316554442434038,Spain_19,Chile_19
0.8199261175418004,Spain_19,Chile_19
0.8924468045390649,Spain_20,Chile_20
0.9401791064185245,Spain_20,Chile_20
0.6060915768798277,Sri Lanka_9,Chile_9
0.6006894341920492,Sweden_7,Chile_7
0.6249567195292391,Sweden_9,Chile_9
0.6020053148711108,Sweden_9,Chile_9
0.6023470937994847,Sweden_9,Chile_9
0.6808811751400056,Sweden_10,Chile_10
0.686243007609526,Sweden_10,Chile_10
0.6431963673690809,Sweden_10,Chile_10
0.6579249376582832,Sweden_10,Chile_10
0.6975515950432262,Sweden_10,Chile_10
0.6512289860387094,Sweden_11,Chile_11
0.7680506219811771,Sweden_11,Chile_11
0.7286022192220268,Sweden_11,Chile_11
0.6817626227931104,Sweden_11,Chile_11
0.6975919971560542,Sweden_11,Chile_11
0.7199389163091627,Sweden_11,Chile_11
0.6977226170654675,Sweden_12,Chile_12
0.654460092151831,Sweden_12,Chile_12
0.6443737662128594,Sweden_12,Chile_12
0.6543991437894358,Sweden_12,Chile_12
0.6025846241510242,Sweden_13,Chile_13
0.6250416018894663,Sweden_14,Chile_14
0.6102363934017241,Sweden_14,Chile_14
0.6988995153309648,Sweden_16,Chile_16
0.6704409046238355,Sweden_16,Chile_16
0.6209980120205815,Sweden_16,Chile_16
0.6819715019487719,Sweden_17,Chile_17
0.6423539698739658,Sweden_17,Chile_17
0.6577754951112986,Sweden_17,Chile_17
0.6009731215784379,Sweden_17,Chile_17
0.7390722469898213,Sweden_18,Chile_18
0.7004407533106736,Sweden_18,Chile_18
0.7899770667102803,Sweden_18,Chile_18
0.7385638651490445,Sweden_18,Chile_18
0.719423770543164,Sweden_19,Chile_19
0.7605423662859917,Sweden_19,Chile_19
0.7257692694638237,Sweden_19,Chile_19
0.7328630529890569,Sweden_20,Chile_20
0.7239091257528785,Sweden_20,Chile_20
0.7817397603230893,Sweden_21,Chile_21
0.6673662275324453,Switzerland_6,Chile_6
0.7590943864273322,Switzerland_7,Chile_7
0.7051712759231147,Switzerland_8,Chile_8
0.634528351746461,Switzerland_8,Chile_8
0.6450929507122034,Switzerland_8,Chile_8
0.6300572129027546,Switzerland_8,Chile_8
0.7370663697563168,Switzerland_9,Chile_9
0.6916599307576322,Switzerland_9,Chile_9
0.7065375051595448,Switzerland_9,Chile_9
0.6695395490270986,Switzerland_9,Chile_9
0.678454260982708,Switzerland_9,Chile_9
0.6026678610161406,Switzerland_9,Chile_9
0.789697748102709,Switzerland_10,Chile_10
0.7890934039885121,Switzerland_10,Chile_10
0.7388199981368136,Switzerland_10,Chile_10
0.7693975233887836,Switzerland_10,Chile_10
0.6431043107451092,Switzerland_10,Chile_10
0.7107065246315135,Switzerland_10,Chile_10
0.6013602540003591,Switzerland_10,Chile_10
0.7295127959064889,Switzerland_11,Chile_11
0.7196141993399116,Switzerland_11,Chile_11
0.7944660311963759,Switzerland_11,Chile_11
0.7523386973731423,Switzerland_11,Chile_11
0.6651674478180061,Switzerland_11,Chile_11
0.737314549004178,Switzerland_11,Chile_11
0.7117666602309186,Switzerland_11,Chile_11
0.7989495453425258,Switzerland_12,Chile_12
0.7239711857347941,Switzerland_12,Chile_12
0.7847537669739976,Switzerland_12,Chile_12
0.7602176037756245,Switzerland_12,Chile_12
0.6343982562388145,Switzerland_12,Chile_12
0.7042073170738525,Switzerland_12,Chile_12
0.6847150000788124,Switzerland_12,Chile_12
0.6286855409167006,Switzerland_13,Chile_13
0.6363113280502328,Switzerland_14,Chile_14
0.6559851160296089,Switzerland_14,Chile_14
0.6098017325522329,Switzerland_14,Chile_14
0.639434006406538,Switzerland_14,Chile_14
0.6376188543735196,Switzerland_14,Chile_14
0.7691199771801217,Switzerland_15,Chile_15
0.8053890250154796,Switzerland_15,Chile_15
0.7522296191240228,Switzerland_15,Chile_15
0.6728019261971043,Switzerland_15,Chile_15
0.828240295949631,Switzerland_15,Chile_15
0.7904332304293918,Switzerland_15,Chile_15
0.7987583817609536,Switzerland_16,Chile_16
0.8093697331730481,Switzerland_16,Chile_16
0.6481144351634776,Switzerland_16,Chile_16
0.7242823779886752,Switzerland_16,Chile_16
0.685534125479638,Switzerland_16,Chile_16
0.7067297241614038,Switzerland_17,Chile_17
0.6006818078294639,Switzerland_17,Chile_17
0.7093025602725456,Switzerland_17,Chile_17
0.6803354036579005,Switzerland_17,Chile_17
0.7372004178115794,Switzerland_18,Chile_18
0.6078760554000084,Switzerland_18,Chile_18
0.6627492203595108,Switzerland_18,Chile_18
0.7874111005540013,Switzerland_20,Chile_20
0.8202966083639912,Switzerland_20,Chile_20
0.616998659304546,Turkey_10,Chile_10
0.653896194345064,Turkey_11,Chile_11
0.6161600344883018,Turkey_11,Chile_11
0.6246098804084782,Turkey_11,Chile_11
0.6159050929293437,Turkey_12,Chile_12
0.6298857691732409,Turkey_14,Chile_14
0.6707935626712752,Turkey_15,Chile_15
0.6828942699350261,Turkey_15,Chile_15
0.7261961626069943,Turkey_15,Chile_15
0.6139432702926884,Turkey_15,Chile_15
0.6544214309371159,Turkey_16,Chile_16
0.6748758005537758,Turkey_18,Chile_18
0.6609160726015811,Turkey_18,Chile_18
0.713944910359606,Turkey_18,Chile_18
0.643735657405772,Turkey_18,Chile_18
0.7413520431553514,Turkey_19,Chile_19
0.8329265744801733,Turkey_19,Chile_19
0.7392152232722119,Turkey_19,Chile_19
0.8683227375785035,Turkey_20,Chile_20
0.7770036593902304,Turkey_20,Chile_20
0.7053318297733479,Ukraine_17,Chile_17
0.6382570089217565,Ukraine_17,Chile_17
0.741168405807986,Ukraine_18,Chile_18
0.6321192958379416,Ukraine_18,Chile_18
0.7255310618110815,Ukraine_18,Chile_18
0.6346565811623058,Ukraine_18,Chile_18
0.6565708241653038,Ukraine_19,Chile_19
0.6087359238305114,Ukraine_20,Chile_20
0.6124085645727542,United Kingdom_8,Chile_8
0.6015247628399452,United Kingdom_8,Chile_8
0.6903187534874368,United Kingdom_9,Chile_9
0.6719801936416122,United Kingdom_9,Chile_9
0.6506341482255232,United Kingdom_9,Chile_9
0.6941757797165559,United Kingdom_9,Chile_9
0.6687597520316327,United Kingdom_9,Chile_9
0.8176464142161448,United Kingdom_10,Chile_10
0.837554898958308,United Kingdom_10,Chile_10
0.7794479595928313,United Kingdom_10,Chile_10
0.7564230666671322,United Kingdom_10,Chile_10
0.7230308948223936,United Kingdom_10,Chile_10
0.6642083581682705,United Kingdom_10,Chile_10
0.6391374885043021,United Kingdom_10,Chile_10
0.6816116270628572,United Kingdom_11,Chile_11
0.6469085935194777,United Kingdom_11,Chile_11
0.7411465725823508,United Kingdom_11,Chile_11
0.7138082340462774,United Kingdom_11,Chile_11
0.6781790653357365,United Kingdom_11,Chile_11
0.6733234853209823,United Kingdom_11,Chile_11
0.6256549749944018,United Kingdom_11,Chile_11
0.6456826191283991,United Kingdom_12,Chile_12
0.6854202022451719,United Kingdom_12,Chile_12
0.708541723205771,United Kingdom_12,Chile_12
0.6502428536466156,United Kingdom_12,Chile_12
0.6288056156956937,United Kingdom_12,Chile_12
0.6590917284256332,United Kingdom_13,Chile_13
0.7333729876421845,United Kingdom_13,Chile_13
0.7096691372721996,United Kingdom_13,Chile_13
0.6991743018027171,United Kingdom_13,Chile_13
0.6551882551784136,United Kingdom_13,Chile_13
0.7050581687411814,United Kingdom_13,Chile_13
0.6611637022864382,United Kingdom_13,Chile_13
0.6094809209464593,United Kingdom_14,Chile_14
0.6383616295146395,United Kingdom_14,Chile_14
0.6806755358514139,United Kingdom_14,Chile_14
0.6230525196231907,United Kingdom_14,Chile_14
0.6768156185386193,United Kingdom_14,Chile_14
0.7604284178185209,United Kingdom_15,Chile_15
0.8096027303949074,United Kingdom_15,Chile_15
0.7853134588354331,United Kingdom_15,Chile_15
0.7760125195424491,United Kingdom_15,Chile_15
0.7901185401198603,United Kingdom_15,Chile_15
0.7669504999603096,United Kingdom_15,Chile_15
0.7357552829992098,United Kingdom_16,Chile_16
0.7960671385023464,United Kingdom_16,Chile_16
0.6705879663755552,United Kingdom_16,Chile_16
0.6898053888871948,United Kingdom_16,Chile_16
0.6272374952447357,United Kingdom_16,Chile_16
0.7562026049296435,United Kingdom_17,Chile_17
0.6085479794466653,United Kingdom_17,Chile_17
0.6531753279474981,United Kingdom_17,Chile_17
0.7225603560231021,United Kingdom_18,Chile_18
0.6329753154040295,United Kingdom_19,Chile_19
0.671567830898786,United Kingdom_19,Chile_19
0.8538445798635507,United Kingdom_20,Chile_20
0.9025742838369418,United Kingdom_20,Chile_20
0.6080022473501213,United States_6,Chile_6
0.6418236310320791,United States_10,Chile_10
0.6101184100568324,United States_12,Chile_12
0.6187045810077235,United States_13,Chile_13
0.6191759858929697,United States_15,Chile_15
0.6318267387386384,United States_15,Chile_15
0.6672568337016606,United States_16,Chile_16
0.6731464092195616,United States_16,Chile_16
0.656519324942228,United States_17,Chile_17
0.6619055998280013,United States_20,Chile_20
0.7172404708597004,United States_21,Chile_21
0.8720079209080259,Uruguay_19,Chile_19
0.8873767139957818,Uruguay_19,Chile_19
0.8676442445015966,Uruguay_19,Chile_19
