Cluster,Country_Period,Chile_Period,Correlation_with_Chile
0,Albania_16,Chile_16,0.605054602933254
1,Argentina_14,Chile_14,0.6718051876676875
1,Argentina_14,Chile_14,0.6700929685136504
1,Argentina_14,Chile_14,0.6286800569007779
1,Argentina_14,Chile_14,0.6424561399563179
0,Argentina_16,Chile_16,0.8366134614377156
0,Argentina_16,Chile_16,0.8431616592428957
0,Argentina_16,Chile_16,0.8397650350566555
0,Argentina_16,Chile_16,0.8227061375370458
0,Argentina_16,Chile_16,0.7897879230941878
2,Argentina_17,Chile_17,0.7326241951998151
2,Argentina_17,Chile_17,0.7278325305163478
2,Argentina_17,Chile_17,0.6932057782238553
2,Argentina_17,Chile_17,0.6271594247711968
4,Argentina_18,Chile_18,0.7968476078321315
4,Argentina_18,Chile_18,0.7427094595337902
4,Argentina_18,Chile_18,0.6860840844100785
4,Argentina_18,Chile_18,0.6289594154862362
5,Argentina_19,Chile_19,0.7095520787325387
6,Argentina_20,Chile_20,0.8650009158634956
6,Argentina_20,Chile_20,0.8161587763535233
0,Armenia_16,Chile_16,0.6533765324802755
0,Armenia_16,Chile_16,0.6635447770669459
3,Armenia_18,Chile_18,0.6987315065710263
3,Armenia_18,Chile_18,0.6813490059516348
3,Armenia_18,Chile_18,0.7051830182035336
3,Armenia_18,Chile_18,0.6816204300217088
5,Armenia_19,Chile_19,0.6579551477857909
5,Armenia_19,Chile_19,0.6670502598342442
5,Armenia_19,Chile_19,0.6398708610783224
6,Armenia_20,Chile_20,0.6163607574633975
6,Armenia_20,Chile_20,0.6050963089629032
7,Armenia_21,Chile_21,0.7360502226839911
8,Australia_10,Chile_10,0.6012841650761845
9,Australia_11,Chile_11,0.6938949276882908
9,Australia_11,Chile_11,0.6151550607411801
9,Australia_11,Chile_11,0.6331291926565542
10,Australia_13,Chile_13,0.601471220566702
10,Australia_13,Chile_13,0.6210203280689202
1,Australia_14,Chile_14,0.6000356703246453
11,Australia_15,Chile_15,0.614836638635716
0,Australia_16,Chile_16,0.6817908168414549
2,Australia_17,Chile_17,0.7609600513656752
2,Australia_17,Chile_17,0.6404524390860824
3,Australia_18,Chile_18,0.6345894713284769
5,Australia_19,Chile_19,0.6521896642680877
5,Australia_19,Chile_19,0.730753630904809
5,Australia_19,Chile_19,0.6795676026360437
6,Australia_20,Chile_20,0.8341574178824087
6,Australia_20,Chile_20,0.8644066047752382
7,Australia_21,Chile_21,0.8291554576609983
12,Austria_7,Chile_7,0.6112457116489765
13,Austria_8,Chile_8,0.6246756427721587
13,Austria_8,Chile_8,0.6148971654627817
13,Austria_8,Chile_8,0.6141926692482549
14,Austria_9,Chile_9,0.6868106759044131
14,Austria_9,Chile_9,0.6539363762533872
14,Austria_9,Chile_9,0.6519120921582823
14,Austria_9,Chile_9,0.6056025700015404
9,Austria_11,Chile_11,0.7180633480681619
9,Austria_11,Chile_11,0.7487692053131598
9,Austria_11,Chile_11,0.743403127462325
9,Austria_11,Chile_11,0.6789441838761763
9,Austria_11,Chile_11,0.6697377611082124
9,Austria_11,Chile_11,0.788855929874424
9,Austria_11,Chile_11,0.6840806214573847
15,Austria_12,Chile_12,0.691828267236593
15,Austria_12,Chile_12,0.7457752130042002
15,Austria_12,Chile_12,0.7758244911091638
15,Austria_12,Chile_12,0.689615191452229
15,Austria_12,Chile_12,0.6538124509078894
15,Austria_12,Chile_12,0.8094879967541122
15,Austria_12,Chile_12,0.6925631352653332
10,Austria_13,Chile_13,0.7027877983080648
10,Austria_13,Chile_13,0.8233942471977788
10,Austria_13,Chile_13,0.8375193642215539
10,Austria_13,Chile_13,0.8139179890104264
10,Austria_13,Chile_13,0.7170902329294884
10,Austria_13,Chile_13,0.7386523404376291
10,Austria_13,Chile_13,0.7270024501975579
1,Austria_14,Chile_14,0.7280909420151961
1,Austria_14,Chile_14,0.6494140517303741
1,Austria_14,Chile_14,0.6005774046965958
11,Austria_15,Chile_15,0.7140015076418457
11,Austria_15,Chile_15,0.7117311378053425
11,Austria_15,Chile_15,0.7007493442731753
11,Austria_15,Chile_15,0.6265116134240494
11,Austria_15,Chile_15,0.6037106144883285
0,Austria_16,Chile_16,0.7412009388849812
0,Austria_16,Chile_16,0.764833560207607
0,Austria_16,Chile_16,0.6238598731394686
0,Austria_16,Chile_16,0.6527507964697399
0,Austria_16,Chile_16,0.619302726558982
2,Austria_17,Chile_17,0.7985695844311742
2,Austria_17,Chile_17,0.7682923020702145
2,Austria_17,Chile_17,0.8335899766308785
2,Austria_17,Chile_17,0.7677471236233872
3,Austria_18,Chile_18,0.7798516082577167
3,Austria_18,Chile_18,0.7230989264388762
3,Austria_18,Chile_18,0.72331662490213
3,Austria_18,Chile_18,0.7051788013168261
5,Austria_19,Chile_19,0.847679977535431
5,Austria_19,Chile_19,0.8190531971824804
5,Austria_19,Chile_19,0.8304688447050147
6,Austria_20,Chile_20,0.8285739002976733
6,Austria_20,Chile_20,0.8560981496924633
16,Belgium_6,Chile_6,0.6562433066387595
16,Belgium_6,Chile_6,0.603436049501163
16,Belgium_6,Chile_6,0.6821096945074081
16,Belgium_6,Chile_6,0.6123217251039491
13,Belgium_8,Chile_8,0.6179374412824177
13,Belgium_8,Chile_8,0.6209609996801974
13,Belgium_8,Chile_8,0.622170640970738
8,Belgium_10,Chile_10,0.6044411088721658
8,Belgium_10,Chile_10,0.6072757523620196
8,Belgium_10,Chile_10,0.6070295382051404
9,Belgium_11,Chile_11,0.6115798063117919
15,Belgium_12,Chile_12,0.6278072280514098
15,Belgium_12,Chile_12,0.6424179009727564
10,Belgium_13,Chile_13,0.6362745786623268
10,Belgium_13,Chile_13,0.7275849984143292
10,Belgium_13,Chile_13,0.6702731864964421
10,Belgium_13,Chile_13,0.6313732182133184
10,Belgium_13,Chile_13,0.6055164647292287
1,Belgium_14,Chile_14,0.629352211997553
1,Belgium_14,Chile_14,0.7066499403138076
1,Belgium_14,Chile_14,0.7304172558185881
1,Belgium_14,Chile_14,0.6680382914837018
1,Belgium_14,Chile_14,0.6410764898523127
1,Belgium_14,Chile_14,0.6413233193723511
11,Belgium_15,Chile_15,0.7621189204341025
11,Belgium_15,Chile_15,0.8147238403836159
11,Belgium_15,Chile_15,0.7904287827709296
11,Belgium_15,Chile_15,0.7135539325731978
11,Belgium_15,Chile_15,0.7137177582529781
11,Belgium_15,Chile_15,0.6647642154496983
0,Belgium_16,Chile_16,0.8200822215253929
0,Belgium_16,Chile_16,0.8095438649977528
0,Belgium_16,Chile_16,0.7518380415171035
0,Belgium_16,Chile_16,0.7747998231822593
0,Belgium_16,Chile_16,0.7277116530182031
2,Belgium_17,Chile_17,0.7676242274939232
2,Belgium_17,Chile_17,0.7310431020969317
2,Belgium_17,Chile_17,0.764370185894929
2,Belgium_17,Chile_17,0.7434663756019763
5,Belgium_19,Chile_19,0.8178959102108788
5,Belgium_19,Chile_19,0.7795930461172741
5,Belgium_19,Chile_19,0.8207747096463867
6,Belgium_20,Chile_20,0.8208207202464154
6,Belgium_20,Chile_20,0.8994423825976653
3,Bolivia_18,Chile_18,0.7734535989251526
3,Bolivia_18,Chile_18,0.7791596173134856
3,Bolivia_18,Chile_18,0.8800061372197565
3,Bolivia_18,Chile_18,0.8385651388262422
5,Bolivia_19,Chile_19,0.6016517633018408
5,Bolivia_19,Chile_19,0.7001017074926975
5,Bolivia_19,Chile_19,0.6580219329802011
2,Bosnia-Herzegovina_17,Chile_17,0.6115071901342019
2,Bosnia-Herzegovina_17,Chile_17,0.6150943764366029
2,Bosnia-Herzegovina_17,Chile_17,0.6892958292179185
2,Bosnia-Herzegovina_17,Chile_17,0.6168979283330782
3,Bosnia-Herzegovina_18,Chile_18,0.7444240986322016
3,Bosnia-Herzegovina_18,Chile_18,0.7253906519629294
3,Bosnia-Herzegovina_18,Chile_18,0.7004854013587317
3,Bosnia-Herzegovina_18,Chile_18,0.6545036849613796
5,Bosnia-Herzegovina_19,Chile_19,0.7776884498715565
5,Bosnia-Herzegovina_19,Chile_19,0.7554897512907315
5,Bosnia-Herzegovina_19,Chile_19,0.7201085742958568
11,Brazil_15,Chile_15,0.8723336123592096
11,Brazil_15,Chile_15,0.8407835769499118
11,Brazil_15,Chile_15,0.8213314437444672
11,Brazil_15,Chile_15,0.7888129766932537
11,Brazil_15,Chile_15,0.8780616819685518
11,Brazil_15,Chile_15,0.8166394103068404
0,Brazil_16,Chile_16,0.8386327536831971
0,Brazil_16,Chile_16,0.830247095545121
0,Brazil_16,Chile_16,0.7853418973468961
0,Brazil_16,Chile_16,0.8416256936343418
0,Brazil_16,Chile_16,0.78771200308114
2,Brazil_17,Chile_17,0.8005879309875878
2,Brazil_17,Chile_17,0.7719013128282333
2,Brazil_17,Chile_17,0.7771050078377132
2,Brazil_17,Chile_17,0.7675268463173618
3,Brazil_18,Chile_18,0.852670835145633
3,Brazil_18,Chile_18,0.8291613273299762
3,Brazil_18,Chile_18,0.8791437221887328
3,Brazil_18,Chile_18,0.8485943120953628
5,Brazil_19,Chile_19,0.8387315671818865
5,Brazil_19,Chile_19,0.9265526465178783
5,Brazil_19,Chile_19,0.8869973142172478
6,Brazil_20,Chile_20,0.7414579568899805
6,Brazil_20,Chile_20,0.7601908407087056
7,Brazil_21,Chile_21,0.8909340975341405
2,Bulgaria_17,Chile_17,0.7721131065182867
2,Bulgaria_17,Chile_17,0.7768844670614725
2,Bulgaria_17,Chile_17,0.7387494725687738
2,Bulgaria_17,Chile_17,0.7243788217387397
3,Bulgaria_18,Chile_18,0.8051675267248495
3,Bulgaria_18,Chile_18,0.704170183493323
3,Bulgaria_18,Chile_18,0.756276247265915
3,Bulgaria_18,Chile_18,0.7030200433803432
5,Bulgaria_19,Chile_19,0.7993040058183459
5,Bulgaria_19,Chile_19,0.8095241356200422
5,Bulgaria_19,Chile_19,0.7802779900740657
6,Bulgaria_20,Chile_20,0.7838956895645546
6,Bulgaria_20,Chile_20,0.7211429729856539
12,Canada_7,Chile_7,0.6051746631295578
12,Canada_7,Chile_7,0.6247111687700407
8,Canada_10,Chile_10,0.6010817952604248
8,Canada_10,Chile_10,0.6294353520898043
8,Canada_10,Chile_10,0.6154344616165905
10,Canada_13,Chile_13,0.6765106560871902
10,Canada_13,Chile_13,0.671518864486813
10,Canada_13,Chile_13,0.6026604114895121
1,Canada_14,Chile_14,0.6260948723196518
1,Canada_14,Chile_14,0.6769010685209362
1,Canada_14,Chile_14,0.6551081232570959
1,Canada_14,Chile_14,0.6115149384147309
11,Canada_15,Chile_15,0.6229172720339334
11,Canada_15,Chile_15,0.602730958040468
0,Canada_16,Chile_16,0.7547501276681641
0,Canada_16,Chile_16,0.7118434031173941
0,Canada_16,Chile_16,0.676028502141271
0,Canada_16,Chile_16,0.6618705339534413
2,Canada_17,Chile_17,0.7720804077704585
2,Canada_17,Chile_17,0.7227512599713799
2,Canada_17,Chile_17,0.7959114942198268
2,Canada_17,Chile_17,0.7664006417067509
3,Canada_18,Chile_18,0.7409489729097357
3,Canada_18,Chile_18,0.6641943305274701
3,Canada_18,Chile_18,0.7307155206696472
3,Canada_18,Chile_18,0.7497360369860963
5,Canada_19,Chile_19,0.7342850027627635
5,Canada_19,Chile_19,0.8305138068606687
5,Canada_19,Chile_19,0.7979789353229152
6,Canada_20,Chile_20,0.8585926968743172
6,Canada_20,Chile_20,0.8797484100340562
2,Colombia_17,Chile_17,0.8301079588233748
2,Colombia_17,Chile_17,0.8538110257337967
2,Colombia_17,Chile_17,0.8677218614327304
2,Colombia_17,Chile_17,0.843638256824787
3,Colombia_18,Chile_18,0.7142962002389394
3,Colombia_18,Chile_18,0.7663967976231052
3,Colombia_18,Chile_18,0.8595799574969787
3,Colombia_18,Chile_18,0.8012460847715891
5,Colombia_19,Chile_19,0.8488246468623326
5,Colombia_19,Chile_19,0.860086243473
5,Colombia_19,Chile_19,0.8468234960177207
11,Costa Rica_15,Chile_15,0.7911141449328616
11,Costa Rica_15,Chile_15,0.893916400239727
11,Costa Rica_15,Chile_15,0.8759235419747562
11,Costa Rica_15,Chile_15,0.8565645116712912
11,Costa Rica_15,Chile_15,0.8808889915897595
11,Costa Rica_15,Chile_15,0.8700530947049824
0,Costa Rica_16,Chile_16,0.9043391685405244
0,Costa Rica_16,Chile_16,0.917464789776885
0,Costa Rica_16,Chile_16,0.8628211970550538
0,Costa Rica_16,Chile_16,0.8775938863187317
0,Costa Rica_16,Chile_16,0.8641123517527682
2,Costa Rica_17,Chile_17,0.7853192900216763
2,Costa Rica_17,Chile_17,0.7529084424342316
2,Costa Rica_17,Chile_17,0.824419748901702
2,Costa Rica_17,Chile_17,0.844872165447106
3,Costa Rica_18,Chile_18,0.7931970804233902
3,Costa Rica_18,Chile_18,0.7406773012192794
3,Costa Rica_18,Chile_18,0.8102445623748566
3,Costa Rica_18,Chile_18,0.8754127122675825
5,Costa Rica_19,Chile_19,0.8291244538141446
5,Costa Rica_19,Chile_19,0.877829306788606
5,Costa Rica_19,Chile_19,0.9206121425677406
6,Croatia_20,Chile_20,0.715792629858389
6,Croatia_20,Chile_20,0.6935602563235663
2,Cyprus_17,Chile_17,0.661354141164249
2,Cyprus_17,Chile_17,0.6505689233122406
3,Cyprus_18,Chile_18,0.7264564590348667
3,Cyprus_18,Chile_18,0.6526346103861456
3,Cyprus_18,Chile_18,0.6474551570953997
3,Cyprus_18,Chile_18,0.6141452233611976
6,Cyprus_20,Chile_20,0.634045695845985
6,Cyprus_20,Chile_20,0.6061205023833128
0,Czech Republic_16,Chile_16,0.7835558303253397
0,Czech Republic_16,Chile_16,0.7536593554222174
0,Czech Republic_16,Chile_16,0.693586101900788
0,Czech Republic_16,Chile_16,0.7382117879844639
0,Czech Republic_16,Chile_16,0.6491349846490553
2,Czech Republic_17,Chile_17,0.7552586193312149
2,Czech Republic_17,Chile_17,0.6977158143459194
2,Czech Republic_17,Chile_17,0.7841267334172539
2,Czech Republic_17,Chile_17,0.7227530405205974
3,Czech Republic_18,Chile_18,0.6968110030069766
3,Czech Republic_18,Chile_18,0.6966112311402989
3,Czech Republic_18,Chile_18,0.723278470046849
3,Czech Republic_18,Chile_18,0.718839173325583
5,Czech Republic_19,Chile_19,0.6811107363597357
5,Czech Republic_19,Chile_19,0.7453595243758543
5,Czech Republic_19,Chile_19,0.7319072481329094
6,Czech Republic_20,Chile_20,0.7815446979162195
6,Czech Republic_20,Chile_20,0.8059620508241822
14,Denmark_9,Chile_9,0.7090239686386023
14,Denmark_9,Chile_9,0.6680901256735474
14,Denmark_9,Chile_9,0.6753195421580738
14,Denmark_9,Chile_9,0.6402779080906894
14,Denmark_9,Chile_9,0.6049602842469506
8,Denmark_10,Chile_10,0.6237499422698826
8,Denmark_10,Chile_10,0.6083597230093938
9,Denmark_11,Chile_11,0.7160515072069455
9,Denmark_11,Chile_11,0.6556211154630437
9,Denmark_11,Chile_11,0.6851096891980142
9,Denmark_11,Chile_11,0.6337278886476154
10,Denmark_13,Chile_13,0.6418481645749325
1,Denmark_14,Chile_14,0.7261391621415589
1,Denmark_14,Chile_14,0.665713176455695
1,Denmark_14,Chile_14,0.7042600749230883
1,Denmark_14,Chile_14,0.6260615916813026
1,Denmark_14,Chile_14,0.6207883145482227
11,Denmark_15,Chile_15,0.6477984866683475
11,Denmark_15,Chile_15,0.662546121066496
11,Denmark_15,Chile_15,0.6663845439956205
11,Denmark_15,Chile_15,0.6470261810506943
0,Denmark_16,Chile_16,0.611449973273404
0,Denmark_16,Chile_16,0.6134899677753082
2,Denmark_17,Chile_17,0.6231828295587092
3,Denmark_18,Chile_18,0.7007822688385016
3,Denmark_18,Chile_18,0.613586925638552
3,Denmark_18,Chile_18,0.7416315350952959
3,Denmark_18,Chile_18,0.7050282216594486
5,Denmark_19,Chile_19,0.6453087286195817
5,Denmark_19,Chile_19,0.6530911533709003
5,Denmark_19,Chile_19,0.6189725305306722
6,Denmark_20,Chile_20,0.6843556196942162
6,Denmark_20,Chile_20,0.7294492943721526
5,Dominican Republic_19,Chile_19,0.8343218060219331
5,Dominican Republic_19,Chile_19,0.8287600599228534
5,Dominican Republic_19,Chile_19,0.8742221362081967
6,Dominican Republic_20,Chile_20,0.8477039792215211
6,Dominican Republic_20,Chile_20,0.8524015820367469
3,Ecuador_18,Chile_18,0.6974415107250953
3,Ecuador_18,Chile_18,0.6660925348280249
3,Ecuador_18,Chile_18,0.619119704972874
0,Estonia_16,Chile_16,0.8040718837412233
0,Estonia_16,Chile_16,0.7990419728032714
0,Estonia_16,Chile_16,0.752846967472541
0,Estonia_16,Chile_16,0.7595534548176353
0,Estonia_16,Chile_16,0.6870245124405046
2,Estonia_17,Chile_17,0.7661570836891419
2,Estonia_17,Chile_17,0.7626821024350197
2,Estonia_17,Chile_17,0.7694022043345394
2,Estonia_17,Chile_17,0.7233408140637487
3,Estonia_18,Chile_18,0.7280635192208634
3,Estonia_18,Chile_18,0.7706323331102248
3,Estonia_18,Chile_18,0.7713841091165259
3,Estonia_18,Chile_18,0.7380192793919322
5,Estonia_19,Chile_19,0.7956560893717088
5,Estonia_19,Chile_19,0.7847588309163036
5,Estonia_19,Chile_19,0.7315875302056936
6,Estonia_20,Chile_20,0.7932917355385863
6,Estonia_20,Chile_20,0.7833863130952906
9,Finland_11,Chile_11,0.697705026989556
9,Finland_11,Chile_11,0.6341680490782138
9,Finland_11,Chile_11,0.6625213655754744
15,Finland_12,Chile_12,0.657633986025785
15,Finland_12,Chile_12,0.67200140130255
15,Finland_12,Chile_12,0.6124724952309695
15,Finland_12,Chile_12,0.6057782689726863
1,Finland_14,Chile_14,0.6360559496925875
0,Finland_16,Chile_16,0.6809875571956835
0,Finland_16,Chile_16,0.6950261185948278
2,Finland_17,Chile_17,0.7101888738221429
2,Finland_17,Chile_17,0.646147560562215
2,Finland_17,Chile_17,0.653481229077655
2,Finland_17,Chile_17,0.6751917085887875
3,Finland_18,Chile_18,0.742004738571976
3,Finland_18,Chile_18,0.719170376142703
3,Finland_18,Chile_18,0.8008610734152797
3,Finland_18,Chile_18,0.795337470687224
5,Finland_19,Chile_19,0.7379863374852793
5,Finland_19,Chile_19,0.8085301350471432
5,Finland_19,Chile_19,0.7703273785109194
6,Finland_20,Chile_20,0.7916048216985083
6,Finland_20,Chile_20,0.794340042112676
13,France_8,Chile_8,0.6260702922008667
13,France_8,Chile_8,0.6158743554579243
14,France_9,Chile_9,0.7673565696837411
14,France_9,Chile_9,0.639223506589848
14,France_9,Chile_9,0.7212643783068358
14,France_9,Chile_9,0.6997952635893272
14,France_9,Chile_9,0.6539862121816408
14,France_9,Chile_9,0.6459337277761145
8,France_10,Chile_10,0.7246619306287266
8,France_10,Chile_10,0.6015144869545989
8,France_10,Chile_10,0.663218883220739
8,France_10,Chile_10,0.6657930883917008
9,France_11,Chile_11,0.7745379294684863
9,France_11,Chile_11,0.6879740668372641
9,France_11,Chile_11,0.7741052816955778
9,France_11,Chile_11,0.7398301935313875
9,France_11,Chile_11,0.6776084796109353
9,France_11,Chile_11,0.701075767851469
9,France_11,Chile_11,0.6266896528494851
15,France_12,Chile_12,0.7266964130474852
15,France_12,Chile_12,0.6357075906511569
15,France_12,Chile_12,0.7036830279596438
15,France_12,Chile_12,0.652657068410242
15,France_12,Chile_12,0.6315646848092534
10,France_13,Chile_13,0.7604125017753053
10,France_13,Chile_13,0.649356859248311
10,France_13,Chile_13,0.7382208233227755
10,France_13,Chile_13,0.6780884243687492
10,France_13,Chile_13,0.6753301219688524
1,France_14,Chile_14,0.7714929649786161
1,France_14,Chile_14,0.7264539160087515
1,France_14,Chile_14,0.7487449693254583
1,France_14,Chile_14,0.6894373698925166
1,France_14,Chile_14,0.6540752220372551
1,France_14,Chile_14,0.6382850236790908
11,France_15,Chile_15,0.6781795714791984
11,France_15,Chile_15,0.719021175174011
11,France_15,Chile_15,0.6726813628269209
11,France_15,Chile_15,0.6334705908098819
11,France_15,Chile_15,0.600307838031787
0,France_16,Chile_16,0.7136662152382361
0,France_16,Chile_16,0.6316440162191623
0,France_16,Chile_16,0.6167586111925886
0,France_16,Chile_16,0.6042292699311977
2,France_17,Chile_17,0.7398616940224941
2,France_17,Chile_17,0.7580416282673401
2,France_17,Chile_17,0.7376953792437021
2,France_17,Chile_17,0.6693299701600803
3,France_18,Chile_18,0.8548399002387825
3,France_18,Chile_18,0.8241034440930531
3,France_18,Chile_18,0.802581181980971
3,France_18,Chile_18,0.7831943924009432
5,France_19,Chile_19,0.8579394067551152
5,France_19,Chile_19,0.7609358514561462
5,France_19,Chile_19,0.7809959062041606
6,France_20,Chile_20,0.7162256988434372
6,France_20,Chile_20,0.7422591945886303
0,Georgia_16,Chile_16,0.6696070860574742
0,Georgia_16,Chile_16,0.6329099007597332
0,Georgia_16,Chile_16,0.6167286114011251
2,Georgia_17,Chile_17,0.7820904771349455
2,Georgia_17,Chile_17,0.7500940197604274
2,Georgia_17,Chile_17,0.7977674945523562
2,Georgia_17,Chile_17,0.7292825831369986
3,Georgia_18,Chile_18,0.6314106483904294
5,Georgia_19,Chile_19,0.7118514276064625
5,Georgia_19,Chile_19,0.761776365781187
5,Georgia_19,Chile_19,0.7169235086114636
6,Georgia_20,Chile_20,0.7089216674986981
6,Georgia_20,Chile_20,0.6468693511163152
7,Georgia_21,Chile_21,0.7345386713920063
16,Germany_6,Chile_6,0.6078234009809671
16,Germany_6,Chile_6,0.628001488391839
16,Germany_6,Chile_6,0.6036997764620503
16,Germany_6,Chile_6,0.6053089313720251
16,Germany_6,Chile_6,0.6142962369120375
16,Germany_6,Chile_6,0.6503018983888059
16,Germany_6,Chile_6,0.6205514960370175
12,Germany_7,Chile_7,0.663195334574982
12,Germany_7,Chile_7,0.6662365621235825
12,Germany_7,Chile_7,0.6641914616155575
12,Germany_7,Chile_7,0.6309464419976099
12,Germany_7,Chile_7,0.6496692303659845
12,Germany_7,Chile_7,0.6099295206318625
14,Germany_9,Chile_9,0.6496954735641826
14,Germany_9,Chile_9,0.7569244608878416
14,Germany_9,Chile_9,0.7310758308303393
14,Germany_9,Chile_9,0.7410194751661386
14,Germany_9,Chile_9,0.7119021324096148
14,Germany_9,Chile_9,0.7947129092273946
14,Germany_9,Chile_9,0.7393371988695405
8,Germany_10,Chile_10,0.7269290247286557
8,Germany_10,Chile_10,0.6671825864390666
8,Germany_10,Chile_10,0.686041077783763
8,Germany_10,Chile_10,0.6832399044097249
8,Germany_10,Chile_10,0.7307136581045945
8,Germany_10,Chile_10,0.6743805444354655
9,Germany_11,Chile_11,0.636563673831996
9,Germany_11,Chile_11,0.7409933524480881
9,Germany_11,Chile_11,0.7875910248676122
9,Germany_11,Chile_11,0.7964228860110082
9,Germany_11,Chile_11,0.8076791447474516
9,Germany_11,Chile_11,0.777798006454307
9,Germany_11,Chile_11,0.7621160942741931
15,Germany_12,Chile_12,0.6956314656848965
15,Germany_12,Chile_12,0.7231008697788947
15,Germany_12,Chile_12,0.7501160514731947
15,Germany_12,Chile_12,0.7510811673330522
15,Germany_12,Chile_12,0.7243322425837804
15,Germany_12,Chile_12,0.7533021244862544
15,Germany_12,Chile_12,0.686406035330509
10,Germany_13,Chile_13,0.7278211226107605
10,Germany_13,Chile_13,0.7130357491952205
10,Germany_13,Chile_13,0.7050461590556198
10,Germany_13,Chile_13,0.6959309007239819
10,Germany_13,Chile_13,0.6075073680399387
10,Germany_13,Chile_13,0.7410306366170804
10,Germany_13,Chile_13,0.6721727268702823
1,Germany_14,Chile_14,0.6110877325883309
1,Germany_14,Chile_14,0.6676250946248379
1,Germany_14,Chile_14,0.629625862972296
1,Germany_14,Chile_14,0.7039847790615597
1,Germany_14,Chile_14,0.681387687355568
11,Germany_15,Chile_15,0.6086097112389616
11,Germany_15,Chile_15,0.6307252818654006
11,Germany_15,Chile_15,0.6074009246780822
11,Germany_15,Chile_15,0.695960231584811
11,Germany_15,Chile_15,0.6782043781166556
0,Germany_16,Chile_16,0.757345597340499
0,Germany_16,Chile_16,0.7369477268321374
0,Germany_16,Chile_16,0.7112659200161374
0,Germany_16,Chile_16,0.7637405092714972
0,Germany_16,Chile_16,0.7220864555647013
2,Germany_17,Chile_17,0.8082645502246393
2,Germany_17,Chile_17,0.7298754320120043
2,Germany_17,Chile_17,0.7620169528926709
2,Germany_17,Chile_17,0.7093420809136035
3,Germany_18,Chile_18,0.7882973268781667
3,Germany_18,Chile_18,0.6828654336238397
3,Germany_18,Chile_18,0.6671258553126767
3,Germany_18,Chile_18,0.6755990750307466
5,Germany_19,Chile_19,0.8430580095231073
5,Germany_19,Chile_19,0.8823371368515133
5,Germany_19,Chile_19,0.8837975203632212
6,Germany_20,Chile_20,0.7826722450001814
6,Germany_20,Chile_20,0.8338047717207117
7,Germany_21,Chile_21,0.9063429219730502
10,Greece_13,Chile_13,0.7471430332224065
10,Greece_13,Chile_13,0.6468496187157236
10,Greece_13,Chile_13,0.7480195529535215
10,Greece_13,Chile_13,0.6843106362959017
10,Greece_13,Chile_13,0.6182663508338071
10,Greece_13,Chile_13,0.6464223151431433
1,Greece_14,Chile_14,0.6590213178152579
1,Greece_14,Chile_14,0.6857131890672451
1,Greece_14,Chile_14,0.6635908639798148
1,Greece_14,Chile_14,0.7216223437502769
11,Greece_15,Chile_15,0.6610732865346958
11,Greece_15,Chile_15,0.7389927846420897
11,Greece_15,Chile_15,0.7948592612162565
11,Greece_15,Chile_15,0.6398899376015155
11,Greece_15,Chile_15,0.6693116941403161
11,Greece_15,Chile_15,0.6084990460398482
0,Greece_16,Chile_16,0.72468872055247
0,Greece_16,Chile_16,0.7019367055367193
0,Greece_16,Chile_16,0.6821199387131557
2,Greece_17,Chile_17,0.792382659236694
2,Greece_17,Chile_17,0.8202278340516981
2,Greece_17,Chile_17,0.8061813904508274
2,Greece_17,Chile_17,0.7836858903646495
3,Greece_18,Chile_18,0.8197197994049973
3,Greece_18,Chile_18,0.761706801973039
3,Greece_18,Chile_18,0.8275754578147153
3,Greece_18,Chile_18,0.8016070936297469
6,Greece_20,Chile_20,0.7062387544360726
6,Greece_20,Chile_20,0.7229836487216184
11,Hungary_15,Chile_15,0.6724683176771898
11,Hungary_15,Chile_15,0.627548736685662
0,Hungary_16,Chile_16,0.7851076889159172
0,Hungary_16,Chile_16,0.7848696774671476
0,Hungary_16,Chile_16,0.7430197614510595
0,Hungary_16,Chile_16,0.7307345833769866
0,Hungary_16,Chile_16,0.6917495123702858
5,Hungary_19,Chile_19,0.7107656048686354
5,Hungary_19,Chile_19,0.7505592108532321
5,Hungary_19,Chile_19,0.7164805628511911
14,Iceland_9,Chile_9,0.6245083821139404
14,Iceland_9,Chile_9,0.6944079404325879
8,Iceland_10,Chile_10,0.7034055626620999
8,Iceland_10,Chile_10,0.6970751469232989
8,Iceland_10,Chile_10,0.6416414639961556
8,Iceland_10,Chile_10,0.7404270549001979
9,Iceland_11,Chile_11,0.6407793810777689
9,Iceland_11,Chile_11,0.6815985792761906
15,Iceland_12,Chile_12,0.7114641545960319
15,Iceland_12,Chile_12,0.7049270013537775
15,Iceland_12,Chile_12,0.6513152619882379
15,Iceland_12,Chile_12,0.716689562443371
15,Iceland_12,Chile_12,0.6189370916742899
15,Iceland_12,Chile_12,0.6443489425438068
15,Iceland_12,Chile_12,0.6222511426132458
1,Iceland_14,Chile_14,0.7700946035944002
1,Iceland_14,Chile_14,0.7940690212190582
1,Iceland_14,Chile_14,0.7824931757049965
1,Iceland_14,Chile_14,0.8271697272682058
1,Iceland_14,Chile_14,0.6878523489656572
1,Iceland_14,Chile_14,0.6676461646980495
1,Iceland_14,Chile_14,0.6580842022486543
0,Iceland_16,Chile_16,0.7505946724739718
0,Iceland_16,Chile_16,0.7449198752910869
0,Iceland_16,Chile_16,0.6391483809397487
0,Iceland_16,Chile_16,0.6311165286111518
2,Iceland_17,Chile_17,0.719449517592212
2,Iceland_17,Chile_17,0.6556989392681982
2,Iceland_17,Chile_17,0.6133360143669809
3,Iceland_18,Chile_18,0.7396705320457749
3,Iceland_18,Chile_18,0.6338793696109046
3,Iceland_18,Chile_18,0.6743028598411277
3,Iceland_18,Chile_18,0.6529986712847291
5,Iceland_19,Chile_19,0.7226930062217276
5,Iceland_19,Chile_19,0.6223075684728554
5,Iceland_19,Chile_19,0.673691321155778
6,Iceland_20,Chile_20,0.8438386774811154
6,Iceland_20,Chile_20,0.9042578901711091
7,Iceland_21,Chile_21,0.9143867018874524
12,Ireland_7,Chile_7,0.6507913227618696
12,Ireland_7,Chile_7,0.6614926767042638
12,Ireland_7,Chile_7,0.6336408158615756
12,Ireland_7,Chile_7,0.672033381603104
12,Ireland_7,Chile_7,0.6179557674453987
8,Ireland_10,Chile_10,0.6069979361576616
15,Ireland_12,Chile_12,0.6240232587628126
15,Ireland_12,Chile_12,0.6140575107334297
15,Ireland_12,Chile_12,0.6401601974773159
15,Ireland_12,Chile_12,0.6055876004866896
10,Ireland_13,Chile_13,0.6914949740681514
10,Ireland_13,Chile_13,0.7404114034301282
10,Ireland_13,Chile_13,0.7021567506378593
10,Ireland_13,Chile_13,0.7118853207260736
10,Ireland_13,Chile_13,0.6252207116736008
10,Ireland_13,Chile_13,0.6147028853566137
1,Ireland_14,Chile_14,0.6218338143947323
1,Ireland_14,Chile_14,0.7042008963282936
1,Ireland_14,Chile_14,0.733116983772223
1,Ireland_14,Chile_14,0.7542953851089851
1,Ireland_14,Chile_14,0.7571607948050669
1,Ireland_14,Chile_14,0.7242402781709033
1,Ireland_14,Chile_14,0.7260223822753842
11,Ireland_15,Chile_15,0.6868883161450273
11,Ireland_15,Chile_15,0.7361867510401873
11,Ireland_15,Chile_15,0.7554305016955787
11,Ireland_15,Chile_15,0.7465910623772593
11,Ireland_15,Chile_15,0.6986288449238293
11,Ireland_15,Chile_15,0.6966031951254429
0,Ireland_16,Chile_16,0.8479519722121327
0,Ireland_16,Chile_16,0.8212558570453417
0,Ireland_16,Chile_16,0.7730941272627158
0,Ireland_16,Chile_16,0.7560745003175969
0,Ireland_16,Chile_16,0.7769931484268673
2,Ireland_17,Chile_17,0.7605028337689496
2,Ireland_17,Chile_17,0.7304920801809666
2,Ireland_17,Chile_17,0.7543487039493887
2,Ireland_17,Chile_17,0.7157428653121559
3,Ireland_18,Chile_18,0.8040045558085104
3,Ireland_18,Chile_18,0.8227305643560654
3,Ireland_18,Chile_18,0.8377772296949986
3,Ireland_18,Chile_18,0.8305165275195739
6,Ireland_20,Chile_20,0.7870354010979984
6,Ireland_20,Chile_20,0.7971783213541317
8,Italy_10,Chile_10,0.600851763687447
8,Italy_10,Chile_10,0.6163795671568927
1,Italy_14,Chile_14,0.6419667665958374
1,Italy_14,Chile_14,0.7269456914574145
1,Italy_14,Chile_14,0.6314556366924825
1,Italy_14,Chile_14,0.7263865317289947
11,Italy_15,Chile_15,0.740736954736744
11,Italy_15,Chile_15,0.6145106047400255
11,Italy_15,Chile_15,0.6708889863935129
3,Italy_18,Chile_18,0.6127268684426546
3,Italy_18,Chile_18,0.6463476159613134
3,Italy_18,Chile_18,0.6264121071357636
3,Italy_18,Chile_18,0.6027030335166123
5,Italy_19,Chile_19,0.7544070061769742
5,Italy_19,Chile_19,0.6943663043882987
5,Italy_19,Chile_19,0.7623756199316829
6,Italy_20,Chile_20,0.7578704114695614
6,Italy_20,Chile_20,0.7953572070015125
14,Japan_9,Chile_9,0.6235157595535741
8,Japan_10,Chile_10,0.6105086367368301
9,Japan_11,Chile_11,0.6530980578315211
9,Japan_11,Chile_11,0.6600509450563883
9,Japan_11,Chile_11,0.6685190932953952
9,Japan_11,Chile_11,0.6883398259278348
2,Japan_17,Chile_17,0.6670343183974686
2,Japan_17,Chile_17,0.6475181185680388
2,Japan_17,Chile_17,0.6444914203899177
2,Japan_17,Chile_17,0.6579654777429298
3,Japan_18,Chile_18,0.7684605968590199
3,Japan_18,Chile_18,0.7704185522122491
3,Japan_18,Chile_18,0.8120386510490111
3,Japan_18,Chile_18,0.7983441215565574
5,Japan_19,Chile_19,0.7245348447671287
5,Japan_19,Chile_19,0.8063599514925585
5,Japan_19,Chile_19,0.7579266119286246
6,Japan_20,Chile_20,0.8637921816840655
6,Japan_20,Chile_20,0.8970349812832785
0,Latvia_16,Chile_16,0.7284782566616076
0,Latvia_16,Chile_16,0.7063286848058975
0,Latvia_16,Chile_16,0.7245399890567317
0,Latvia_16,Chile_16,0.728059188597141
0,Latvia_16,Chile_16,0.7212056734526012
2,Latvia_17,Chile_17,0.7802479370950397
2,Latvia_17,Chile_17,0.6949456532897426
2,Latvia_17,Chile_17,0.7329089307184876
2,Latvia_17,Chile_17,0.6600594490716853
3,Latvia_18,Chile_18,0.839077291644283
3,Latvia_18,Chile_18,0.7704220293464397
3,Latvia_18,Chile_18,0.734274854401898
3,Latvia_18,Chile_18,0.6883728804407043
5,Latvia_19,Chile_19,0.653429558470934
6,Latvia_20,Chile_20,0.7259230611670003
6,Latvia_20,Chile_20,0.6732195214129846
2,Lithuania_17,Chile_17,0.8175733194207391
2,Lithuania_17,Chile_17,0.7958969462503935
2,Lithuania_17,Chile_17,0.8327605736056024
2,Lithuania_17,Chile_17,0.76738240665374
3,Lithuania_18,Chile_18,0.7587663933884053
3,Lithuania_18,Chile_18,0.7234892510787626
3,Lithuania_18,Chile_18,0.7774976011396614
3,Lithuania_18,Chile_18,0.6736977039428986
5,Lithuania_19,Chile_19,0.7688199560713379
5,Lithuania_19,Chile_19,0.749253281349814
5,Lithuania_19,Chile_19,0.7252091475874822
6,Lithuania_20,Chile_20,0.8248267634223341
6,Lithuania_20,Chile_20,0.8358266797513616
7,Lithuania_21,Chile_21,0.8558292838919608
14,Luxembourg_9,Chile_9,0.6752420359358219
14,Luxembourg_9,Chile_9,0.6215792210752599
14,Luxembourg_9,Chile_9,0.7336095506279844
14,Luxembourg_9,Chile_9,0.6724204222163985
14,Luxembourg_9,Chile_9,0.6613963744695194
14,Luxembourg_9,Chile_9,0.6104527138594694
8,Luxembourg_10,Chile_10,0.6153051800827604
9,Luxembourg_11,Chile_11,0.6896725239810612
9,Luxembourg_11,Chile_11,0.6736922242533505
9,Luxembourg_11,Chile_11,0.829108639308281
9,Luxembourg_11,Chile_11,0.7763787091712565
9,Luxembourg_11,Chile_11,0.7837827995316444
9,Luxembourg_11,Chile_11,0.7657602353852065
9,Luxembourg_11,Chile_11,0.7339870649370701
15,Luxembourg_12,Chile_12,0.6207676460769885
15,Luxembourg_12,Chile_12,0.6871830708917752
15,Luxembourg_12,Chile_12,0.6332039527691862
15,Luxembourg_12,Chile_12,0.6383440455843129
15,Luxembourg_12,Chile_12,0.7010364289428205
15,Luxembourg_12,Chile_12,0.630265601334003
10,Luxembourg_13,Chile_13,0.6260469633430147
10,Luxembourg_13,Chile_13,0.6738655368792196
10,Luxembourg_13,Chile_13,0.7327045360072106
10,Luxembourg_13,Chile_13,0.6850104953187686
10,Luxembourg_13,Chile_13,0.6893657233364704
10,Luxembourg_13,Chile_13,0.7096515621042498
10,Luxembourg_13,Chile_13,0.6660909092596223
1,Luxembourg_14,Chile_14,0.674141908276177
1,Luxembourg_14,Chile_14,0.6980124230713941
1,Luxembourg_14,Chile_14,0.6431422430252803
1,Luxembourg_14,Chile_14,0.6293854917048873
1,Luxembourg_14,Chile_14,0.680557145991563
1,Luxembourg_14,Chile_14,0.6434145495200871
11,Luxembourg_15,Chile_15,0.7105644027070189
11,Luxembourg_15,Chile_15,0.7574834449159259
11,Luxembourg_15,Chile_15,0.735469764360426
11,Luxembourg_15,Chile_15,0.7119926607310086
11,Luxembourg_15,Chile_15,0.7767107877939492
11,Luxembourg_15,Chile_15,0.7337248604135512
0,Luxembourg_16,Chile_16,0.8425746055093327
0,Luxembourg_16,Chile_16,0.8324273956449519
0,Luxembourg_16,Chile_16,0.8208443814969324
0,Luxembourg_16,Chile_16,0.8159877024805593
0,Luxembourg_16,Chile_16,0.7583918068652631
2,Luxembourg_17,Chile_17,0.7894714673052468
2,Luxembourg_17,Chile_17,0.8086259067677831
2,Luxembourg_17,Chile_17,0.8577305933384898
2,Luxembourg_17,Chile_17,0.8124087548741928
3,Luxembourg_18,Chile_18,0.8115311807836431
3,Luxembourg_18,Chile_18,0.808304824131505
3,Luxembourg_18,Chile_18,0.8435941534832722
3,Luxembourg_18,Chile_18,0.8375450146900603
5,Luxembourg_19,Chile_19,0.8637906210851087
5,Luxembourg_19,Chile_19,0.8874394791653573
5,Luxembourg_19,Chile_19,0.8840719383466705
0,Malta_16,Chile_16,0.9020345507112741
0,Malta_16,Chile_16,0.8712519136839306
0,Malta_16,Chile_16,0.8509684645983667
0,Malta_16,Chile_16,0.8571573500603837
0,Malta_16,Chile_16,0.8267918427122833
13,Mexico_8,Chile_8,0.6217660850742187
13,Mexico_8,Chile_8,0.6586195576179122
13,Mexico_8,Chile_8,0.6361446828687687
13,Mexico_8,Chile_8,0.6214796357049243
13,Mexico_8,Chile_8,0.6203510977403821
8,Mexico_10,Chile_10,0.6492748457980849
8,Mexico_10,Chile_10,0.6273970789037737
9,Mexico_11,Chile_11,0.6795359232081649
9,Mexico_11,Chile_11,0.6096120434069887
15,Mexico_12,Chile_12,0.7317243363249254
15,Mexico_12,Chile_12,0.7248858150959285
15,Mexico_12,Chile_12,0.7170272487702626
15,Mexico_12,Chile_12,0.6839002192205622
15,Mexico_12,Chile_12,0.6322568802195496
15,Mexico_12,Chile_12,0.6836244308542527
15,Mexico_12,Chile_12,0.6176666688408528
1,Mexico_14,Chile_14,0.7179931543344301
1,Mexico_14,Chile_14,0.6364576272877711
1,Mexico_14,Chile_14,0.7003287685572436
1,Mexico_14,Chile_14,0.6369016958243322
1,Mexico_14,Chile_14,0.6523768223344809
1,Mexico_14,Chile_14,0.6030099828987259
11,Mexico_15,Chile_15,0.7829797428704918
11,Mexico_15,Chile_15,0.8505360620358923
11,Mexico_15,Chile_15,0.7706995408093891
11,Mexico_15,Chile_15,0.7143645588612294
11,Mexico_15,Chile_15,0.8292839288350976
11,Mexico_15,Chile_15,0.7476673765227341
0,Mexico_16,Chile_16,0.8816449646007987
0,Mexico_16,Chile_16,0.820379446820012
0,Mexico_16,Chile_16,0.7594200225465108
0,Mexico_16,Chile_16,0.8079924596710472
0,Mexico_16,Chile_16,0.7539286061611645
2,Mexico_17,Chile_17,0.815647386717534
2,Mexico_17,Chile_17,0.6756751881551444
2,Mexico_17,Chile_17,0.7228035243027805
2,Mexico_17,Chile_17,0.6486867774417765
6,Mexico_20,Chile_20,0.7634033583648089
6,Mexico_20,Chile_20,0.7260987844159428
11,Moldova_15,Chile_15,0.6032617642317811
0,Moldova_16,Chile_16,0.6482663475571795
0,Moldova_16,Chile_16,0.6996488828668628
0,Moldova_16,Chile_16,0.6572766161188945
0,Moldova_16,Chile_16,0.6213764729528145
0,Moldova_16,Chile_16,0.6040839145825198
3,Moldova_18,Chile_18,0.705495041009891
3,Moldova_18,Chile_18,0.6023610385286542
3,Moldova_18,Chile_18,0.6637124709696733
5,Moldova_19,Chile_19,0.6377866170349703
6,Moldova_20,Chile_20,0.7892267792668205
6,Moldova_20,Chile_20,0.7343205738837293
3,Montenegro_18,Chile_18,0.7065312368862079
3,Montenegro_18,Chile_18,0.6034754914827024
3,Montenegro_18,Chile_18,0.6115962856954134
5,Montenegro_19,Chile_19,0.7394498530463198
5,Montenegro_19,Chile_19,0.7139337305195993
5,Montenegro_19,Chile_19,0.6414253432516611
7,Montenegro_21,Chile_21,0.6336208153938461
16,Netherlands_6,Chile_6,0.644226430147499
16,Netherlands_6,Chile_6,0.6321772910184311
16,Netherlands_6,Chile_6,0.7013525661591411
16,Netherlands_6,Chile_6,0.6118238192629873
12,Netherlands_7,Chile_7,0.6510193067523853
12,Netherlands_7,Chile_7,0.6284350635009656
12,Netherlands_7,Chile_7,0.6370154126838117
13,Netherlands_8,Chile_8,0.6625389153934024
13,Netherlands_8,Chile_8,0.702755224927697
13,Netherlands_8,Chile_8,0.7215622262801384
13,Netherlands_8,Chile_8,0.6728247800888598
13,Netherlands_8,Chile_8,0.6657726366953177
13,Netherlands_8,Chile_8,0.6718952478855069
13,Netherlands_8,Chile_8,0.6478945692284339
14,Netherlands_9,Chile_9,0.7087823699178399
14,Netherlands_9,Chile_9,0.6480429399545309
14,Netherlands_9,Chile_9,0.7316641640984296
14,Netherlands_9,Chile_9,0.6921119935755989
14,Netherlands_9,Chile_9,0.669929190206294
14,Netherlands_9,Chile_9,0.6912255680412899
14,Netherlands_9,Chile_9,0.6813251367148072
8,Netherlands_10,Chile_10,0.7418376619144315
8,Netherlands_10,Chile_10,0.686986574891247
8,Netherlands_10,Chile_10,0.6836735353343912
8,Netherlands_10,Chile_10,0.6130594373654552
8,Netherlands_10,Chile_10,0.6221030845546438
9,Netherlands_11,Chile_11,0.7417547723012541
9,Netherlands_11,Chile_11,0.7189288457779693
9,Netherlands_11,Chile_11,0.8478089073259555
9,Netherlands_11,Chile_11,0.7655592175575259
9,Netherlands_11,Chile_11,0.7216254938495068
9,Netherlands_11,Chile_11,0.7825346126061429
9,Netherlands_11,Chile_11,0.743878016102615
15,Netherlands_12,Chile_12,0.7486926610741715
15,Netherlands_12,Chile_12,0.732943900963605
15,Netherlands_12,Chile_12,0.8236518587158973
15,Netherlands_12,Chile_12,0.7715079660092771
15,Netherlands_12,Chile_12,0.7276928012601718
15,Netherlands_12,Chile_12,0.7477243265081283
15,Netherlands_12,Chile_12,0.7251733562977529
10,Netherlands_13,Chile_13,0.7672570029688973
10,Netherlands_13,Chile_13,0.7191161812023703
10,Netherlands_13,Chile_13,0.7376346083819374
10,Netherlands_13,Chile_13,0.7046092445843141
10,Netherlands_13,Chile_13,0.6285113663694457
10,Netherlands_13,Chile_13,0.6495489787855908
10,Netherlands_13,Chile_13,0.6434550532169624
1,Netherlands_14,Chile_14,0.6615043291599204
1,Netherlands_14,Chile_14,0.7297976486823529
1,Netherlands_14,Chile_14,0.7222097977441336
1,Netherlands_14,Chile_14,0.6913347817917437
1,Netherlands_14,Chile_14,0.6246165230307368
1,Netherlands_14,Chile_14,0.6667181403389008
1,Netherlands_14,Chile_14,0.6585299693929105
11,Netherlands_15,Chile_15,0.7222566791457821
11,Netherlands_15,Chile_15,0.657656683629674
11,Netherlands_15,Chile_15,0.6837540057374419
11,Netherlands_15,Chile_15,0.6072035763401014
0,Netherlands_16,Chile_16,0.8542303566854704
0,Netherlands_16,Chile_16,0.8203352277102434
0,Netherlands_16,Chile_16,0.8058554754484462
0,Netherlands_16,Chile_16,0.8728886294061604
0,Netherlands_16,Chile_16,0.8523781370440275
2,Netherlands_17,Chile_17,0.8089970743222111
2,Netherlands_17,Chile_17,0.7705974667654379
2,Netherlands_17,Chile_17,0.8140359313748915
2,Netherlands_17,Chile_17,0.735760334728228
3,Netherlands_18,Chile_18,0.7543914989899991
3,Netherlands_18,Chile_18,0.6906010664198348
3,Netherlands_18,Chile_18,0.7933085896625415
3,Netherlands_18,Chile_18,0.727016303385212
5,Netherlands_19,Chile_19,0.6989224012723488
5,Netherlands_19,Chile_19,0.6893826806262887
5,Netherlands_19,Chile_19,0.7147032609580947
6,Netherlands_20,Chile_20,0.7283852690156521
6,Netherlands_20,Chile_20,0.808550106057026
7,Netherlands_21,Chile_21,0.908450873631933
13,New Zealand_8,Chile_8,0.6035688512049922
14,New Zealand_9,Chile_9,0.6397252976132457
14,New Zealand_9,Chile_9,0.6064544028094319
14,New Zealand_9,Chile_9,0.616290280339456
14,New Zealand_9,Chile_9,0.6062208860266408
8,New Zealand_10,Chile_10,0.6921509270321133
8,New Zealand_10,Chile_10,0.6755854716938189
8,New Zealand_10,Chile_10,0.6450599279562279
8,New Zealand_10,Chile_10,0.6719691490105998
8,New Zealand_10,Chile_10,0.6661317911830451
9,New Zealand_11,Chile_11,0.6319458112377934
9,New Zealand_11,Chile_11,0.6619830592479929
9,New Zealand_11,Chile_11,0.6446730740737645
9,New Zealand_11,Chile_11,0.6595997639149785
9,New Zealand_11,Chile_11,0.6656209414871578
15,New Zealand_12,Chile_12,0.655621743753581
15,New Zealand_12,Chile_12,0.6222293814757965
15,New Zealand_12,Chile_12,0.6201698584822934
15,New Zealand_12,Chile_12,0.6670323527780532
1,New Zealand_14,Chile_14,0.6474014262969137
1,New Zealand_14,Chile_14,0.7866253518752221
1,New Zealand_14,Chile_14,0.8198163549854499
1,New Zealand_14,Chile_14,0.7721506111897063
1,New Zealand_14,Chile_14,0.7761340566637621
1,New Zealand_14,Chile_14,0.792132433218476
1,New Zealand_14,Chile_14,0.7694219820481168
11,New Zealand_15,Chile_15,0.6816230137895355
11,New Zealand_15,Chile_15,0.7907473647146035
11,New Zealand_15,Chile_15,0.7643143754328878
11,New Zealand_15,Chile_15,0.7037190381194313
11,New Zealand_15,Chile_15,0.7650946832782842
11,New Zealand_15,Chile_15,0.720584098094585
0,New Zealand_16,Chile_16,0.7868432423258183
0,New Zealand_16,Chile_16,0.7671440764494173
0,New Zealand_16,Chile_16,0.7098309680770132
0,New Zealand_16,Chile_16,0.7495084091024363
0,New Zealand_16,Chile_16,0.7134151960548947
2,New Zealand_17,Chile_17,0.7321999250621951
2,New Zealand_17,Chile_17,0.7031119665713031
2,New Zealand_17,Chile_17,0.7431759666245629
2,New Zealand_17,Chile_17,0.6906976169407569
3,New Zealand_18,Chile_18,0.7925661199522288
3,New Zealand_18,Chile_18,0.6314224031191507
3,New Zealand_18,Chile_18,0.6502970672898103
5,New Zealand_19,Chile_19,0.8026872472657365
5,New Zealand_19,Chile_19,0.8167371982147512
5,New Zealand_19,Chile_19,0.8046247564571619
6,New Zealand_20,Chile_20,0.8249232103361791
6,New Zealand_20,Chile_20,0.8177292101372362
7,New Zealand_21,Chile_21,0.8429473377503011
0,North Macedonia_16,Chile_16,0.6509072311286868
3,North Macedonia_18,Chile_18,0.7370874204488155
3,North Macedonia_18,Chile_18,0.7348327641794856
3,North Macedonia_18,Chile_18,0.7362973823579873
3,North Macedonia_18,Chile_18,0.6878179765164916
17,Northern Ireland_2,Chile_2,0.6376613110166671
8,Northern Ireland_10,Chile_10,0.6110642865374746
8,Northern Ireland_10,Chile_10,0.606295992444469
8,Northern Ireland_10,Chile_10,0.6399772711361408
9,Northern Ireland_11,Chile_11,0.6076600387952794
9,Northern Ireland_11,Chile_11,0.6014955743765578
9,Northern Ireland_11,Chile_11,0.6296125939293258
16,Norway_6,Chile_6,0.6969440519246698
16,Norway_6,Chile_6,0.7209488643706998
16,Norway_6,Chile_6,0.7343307192344513
16,Norway_6,Chile_6,0.681727216555817
16,Norway_6,Chile_6,0.694906137575741
16,Norway_6,Chile_6,0.6905248603727927
16,Norway_6,Chile_6,0.6307441544568277
12,Norway_7,Chile_7,0.6619373151583233
12,Norway_7,Chile_7,0.6946882882647273
12,Norway_7,Chile_7,0.7133043313215885
12,Norway_7,Chile_7,0.6421940631424288
12,Norway_7,Chile_7,0.6499874919985026
12,Norway_7,Chile_7,0.6407154068134849
13,Norway_8,Chile_8,0.6918757283770938
13,Norway_8,Chile_8,0.7698991711183801
13,Norway_8,Chile_8,0.7227204849844479
13,Norway_8,Chile_8,0.6876942794706494
13,Norway_8,Chile_8,0.705795342123255
13,Norway_8,Chile_8,0.7040028885209462
13,Norway_8,Chile_8,0.6399802894365848
14,Norway_9,Chile_9,0.6763651189131489
14,Norway_9,Chile_9,0.7482627400765768
14,Norway_9,Chile_9,0.7244752264594393
14,Norway_9,Chile_9,0.6675315230741535
14,Norway_9,Chile_9,0.7063731891501973
14,Norway_9,Chile_9,0.6440992664915655
8,Norway_10,Chile_10,0.7460256425549967
8,Norway_10,Chile_10,0.7822722388377564
8,Norway_10,Chile_10,0.8211351294713993
8,Norway_10,Chile_10,0.7680260878579538
8,Norway_10,Chile_10,0.803641128887445
8,Norway_10,Chile_10,0.7538654266700079
8,Norway_10,Chile_10,0.699829745235852
9,Norway_11,Chile_11,0.7678934814506276
9,Norway_11,Chile_11,0.7907247727358573
9,Norway_11,Chile_11,0.8450949879774889
9,Norway_11,Chile_11,0.7700247244034422
9,Norway_11,Chile_11,0.756852896373968
9,Norway_11,Chile_11,0.7429961084172483
9,Norway_11,Chile_11,0.7267545528788036
15,Norway_12,Chile_12,0.7302596129030139
15,Norway_12,Chile_12,0.7354633824098106
15,Norway_12,Chile_12,0.8123072397219849
15,Norway_12,Chile_12,0.7388781757438628
15,Norway_12,Chile_12,0.713228239623498
15,Norway_12,Chile_12,0.6820086844590171
15,Norway_12,Chile_12,0.6774577285510361
10,Norway_13,Chile_13,0.7036608220851532
10,Norway_13,Chile_13,0.746813132480618
10,Norway_13,Chile_13,0.7612257489971249
10,Norway_13,Chile_13,0.6824426981761228
10,Norway_13,Chile_13,0.6312340785626955
10,Norway_13,Chile_13,0.6259748335200422
10,Norway_13,Chile_13,0.6014299477131383
1,Norway_14,Chile_14,0.7304997217327495
1,Norway_14,Chile_14,0.7828179856761902
1,Norway_14,Chile_14,0.8370589050000794
1,Norway_14,Chile_14,0.7848869334081227
1,Norway_14,Chile_14,0.771683560956681
1,Norway_14,Chile_14,0.7428068443914125
1,Norway_14,Chile_14,0.7111300495833808
11,Norway_15,Chile_15,0.6857245434837234
11,Norway_15,Chile_15,0.7019497446877255
11,Norway_15,Chile_15,0.6495681910458395
11,Norway_15,Chile_15,0.6807074391044786
11,Norway_15,Chile_15,0.6963534040228139
0,Norway_16,Chile_16,0.8034237254058413
0,Norway_16,Chile_16,0.727855383262828
0,Norway_16,Chile_16,0.6994299756676701
0,Norway_16,Chile_16,0.7569250149414745
0,Norway_16,Chile_16,0.7599475473214566
2,Norway_17,Chile_17,0.7739849190761003
2,Norway_17,Chile_17,0.779650442040886
2,Norway_17,Chile_17,0.7906672286888656
2,Norway_17,Chile_17,0.7844257006859091
3,Norway_18,Chile_18,0.78917342250463
3,Norway_18,Chile_18,0.7933282891786927
3,Norway_18,Chile_18,0.8110055652363666
3,Norway_18,Chile_18,0.795269029781864
5,Norway_19,Chile_19,0.7684245717684975
5,Norway_19,Chile_19,0.8540565456963878
5,Norway_19,Chile_19,0.8626369577974714
6,Norway_20,Chile_20,0.8812487111891835
6,Norway_20,Chile_20,0.9072838898634686
11,Panama_15,Chile_15,0.6822997106647791
11,Panama_15,Chile_15,0.8047031427305528
11,Panama_15,Chile_15,0.7725757121421949
11,Panama_15,Chile_15,0.7868850652406322
11,Panama_15,Chile_15,0.7145131798383987
11,Panama_15,Chile_15,0.7197708899420231
0,Panama_16,Chile_16,0.8401387824370558
0,Panama_16,Chile_16,0.8153176909850585
0,Panama_16,Chile_16,0.8288040126033681
0,Panama_16,Chile_16,0.7637717524009808
0,Panama_16,Chile_16,0.7613863770144351
2,Panama_17,Chile_17,0.6340986704485523
2,Panama_17,Chile_17,0.6204660667662918
2,Panama_17,Chile_17,0.6077506032562662
3,Panama_18,Chile_18,0.7982485404386058
3,Panama_18,Chile_18,0.8256423258380261
3,Panama_18,Chile_18,0.8582601618207971
3,Panama_18,Chile_18,0.8660802393902606
5,Panama_19,Chile_19,0.8568454235760435
5,Panama_19,Chile_19,0.8645442716272136
5,Panama_19,Chile_19,0.8653596597741334
6,Panama_20,Chile_20,0.8400339334237923
6,Panama_20,Chile_20,0.8522360921010254
5,Peru_19,Chile_19,0.8022324150572541
5,Peru_19,Chile_19,0.8951326176570008
5,Peru_19,Chile_19,0.8790796217102665
0,Poland_16,Chile_16,0.6873158197910239
0,Poland_16,Chile_16,0.74709459103457
0,Poland_16,Chile_16,0.6573718364511312
0,Poland_16,Chile_16,0.6374114632199283
2,Poland_17,Chile_17,0.6658600058088048
2,Poland_17,Chile_17,0.6370629075192529
3,Poland_18,Chile_18,0.7453239515073453
3,Poland_18,Chile_18,0.7280749734854667
3,Poland_18,Chile_18,0.6717017273190891
3,Poland_18,Chile_18,0.6466136025000724
5,Poland_19,Chile_19,0.61586954742184
5,Poland_19,Chile_19,0.6049151667092494
6,Poland_20,Chile_20,0.7936186683615112
6,Poland_20,Chile_20,0.7440487584254625
15,Portugal_12,Chile_12,0.6601265306650477
15,Portugal_12,Chile_12,0.6244179633878251
10,Portugal_13,Chile_13,0.6484438238131082
10,Portugal_13,Chile_13,0.6316722950971134
10,Portugal_13,Chile_13,0.6504531756997118
10,Portugal_13,Chile_13,0.7385889866054283
1,Portugal_14,Chile_14,0.6691784327938848
3,Portugal_18,Chile_18,0.847413498192957
3,Portugal_18,Chile_18,0.8677403576193201
3,Portugal_18,Chile_18,0.8176502144296945
3,Portugal_18,Chile_18,0.8104947809676853
5,Portugal_19,Chile_19,0.7422622904734225
5,Portugal_19,Chile_19,0.6189625580991822
5,Portugal_19,Chile_19,0.628436679208375
6,Portugal_20,Chile_20,0.8556941069159406
6,Portugal_20,Chile_20,0.8976376150529785
11,Romania_15,Chile_15,0.6298531158343014
11,Romania_15,Chile_15,0.6273050765205572
0,Romania_16,Chile_16,0.6373284782176136
0,Romania_16,Chile_16,0.6264733288909133
0,Romania_16,Chile_16,0.6285138378396028
0,Romania_16,Chile_16,0.6782221125347843
0,Romania_16,Chile_16,0.6041939316049558
2,Romania_17,Chile_17,0.6552781470114984
2,Romania_17,Chile_17,0.6084690765947532
2,Romania_17,Chile_17,0.6635188753193243
2,Romania_17,Chile_17,0.6266917557030238
3,Romania_18,Chile_18,0.7275626212633244
3,Romania_18,Chile_18,0.6898256206188439
3,Romania_18,Chile_18,0.7206367460203884
3,Romania_18,Chile_18,0.7026805083486141
5,Romania_19,Chile_19,0.6114758836189006
6,Romania_20,Chile_20,0.6900355240299153
6,Romania_20,Chile_20,0.6597437849212656
2,Russia_17,Chile_17,0.7957271329702635
2,Russia_17,Chile_17,0.6675733883849225
2,Russia_17,Chile_17,0.6603933732542029
2,Russia_17,Chile_17,0.6433335929912898
3,Russia_18,Chile_18,0.7036288201510796
3,Russia_18,Chile_18,0.6956987265274253
3,Russia_18,Chile_18,0.6343034390611585
5,Russia_19,Chile_19,0.6867620975761104
5,Russia_19,Chile_19,0.6077972975019955
3,Serbia_18,Chile_18,0.6847396108751096
3,Serbia_18,Chile_18,0.6172772352242231
5,Serbia_19,Chile_19,0.66180974133219
5,Serbia_19,Chile_19,0.6803794876195084
5,Serbia_19,Chile_19,0.6391502317641157
6,Serbia_20,Chile_20,0.7745355545434722
6,Serbia_20,Chile_20,0.7210392455984697
0,Slovakia_16,Chile_16,0.7288611020945931
0,Slovakia_16,Chile_16,0.6861515454260078
0,Slovakia_16,Chile_16,0.7445088596574864
0,Slovakia_16,Chile_16,0.7553140214983526
0,Slovakia_16,Chile_16,0.7368598476989822
2,Slovakia_17,Chile_17,0.6362647143230349
2,Slovakia_17,Chile_17,0.6198216040310418
2,Slovakia_17,Chile_17,0.6172255045210463
3,Slovakia_18,Chile_18,0.8090645011688262
3,Slovakia_18,Chile_18,0.8343896893429419
3,Slovakia_18,Chile_18,0.7947019584722483
3,Slovakia_18,Chile_18,0.7551567184697716
5,Slovakia_19,Chile_19,0.8044007188352125
5,Slovakia_19,Chile_19,0.770025907696099
5,Slovakia_19,Chile_19,0.7707214836064632
6,Slovakia_20,Chile_20,0.6873706574459925
6,Slovakia_20,Chile_20,0.6541328753354901
11,Slovenia_15,Chile_15,0.6645330715852935
11,Slovenia_15,Chile_15,0.706911206424394
11,Slovenia_15,Chile_15,0.7344417480706831
0,Slovenia_16,Chile_16,0.8571175754139433
0,Slovenia_16,Chile_16,0.8159720349656012
0,Slovenia_16,Chile_16,0.764708224397517
0,Slovenia_16,Chile_16,0.6887381203066829
0,Slovenia_16,Chile_16,0.6732400745974333
2,Slovenia_17,Chile_17,0.7700458347197495
2,Slovenia_17,Chile_17,0.7261690601783867
2,Slovenia_17,Chile_17,0.7365902811016649
2,Slovenia_17,Chile_17,0.7006597970593663
3,Slovenia_18,Chile_18,0.6177007917013758
3,Slovenia_18,Chile_18,0.6433228436277444
5,Slovenia_19,Chile_19,0.6685202658404591
5,Slovenia_19,Chile_19,0.6689470287184974
5,Slovenia_19,Chile_19,0.6491034734103025
6,Slovenia_20,Chile_20,0.9031251812342785
6,Slovenia_20,Chile_20,0.8932346220861159
11,South Africa_15,Chile_15,0.6719938301444771
11,South Africa_15,Chile_15,0.7532264730720802
11,South Africa_15,Chile_15,0.7373790393595037
11,South Africa_15,Chile_15,0.6394713968720847
11,South Africa_15,Chile_15,0.7592358652574578
11,South Africa_15,Chile_15,0.6267414211425832
0,South Africa_16,Chile_16,0.7193731792218164
0,South Africa_16,Chile_16,0.7634186021839527
0,South Africa_16,Chile_16,0.6187531805700915
0,South Africa_16,Chile_16,0.6512660423629093
2,South Africa_17,Chile_17,0.7562263764461935
2,South Africa_17,Chile_17,0.6796764881350483
2,South Africa_17,Chile_17,0.8273980050062506
2,South Africa_17,Chile_17,0.7097952848836463
3,South Africa_18,Chile_18,0.821000846526181
3,South Africa_18,Chile_18,0.7809377671894394
3,South Africa_18,Chile_18,0.810827376332298
3,South Africa_18,Chile_18,0.7277114173727776
5,South Africa_19,Chile_19,0.805016583891469
5,South Africa_19,Chile_19,0.8309742687624833
5,South Africa_19,Chile_19,0.7299498513704433
6,South Africa_20,Chile_20,0.8248752194094893
6,South Africa_20,Chile_20,0.8168664228839654
11,South Korea_15,Chile_15,0.7166776131081926
11,South Korea_15,Chile_15,0.6682600064359405
11,South Korea_15,Chile_15,0.6325565490723815
11,South Korea_15,Chile_15,0.6881519249890241
11,South Korea_15,Chile_15,0.6770282190259326
11,South Korea_15,Chile_15,0.6598084029627912
0,South Korea_16,Chile_16,0.7019450448111956
0,South Korea_16,Chile_16,0.6830474340979574
0,South Korea_16,Chile_16,0.7050649519209757
0,South Korea_16,Chile_16,0.7103610832717469
0,South Korea_16,Chile_16,0.689492414065551
2,South Korea_17,Chile_17,0.7210198820007917
2,South Korea_17,Chile_17,0.7487217335851871
2,South Korea_17,Chile_17,0.7795885561445308
2,South Korea_17,Chile_17,0.7552271135989321
3,South Korea_18,Chile_18,0.6829671825499349
3,South Korea_18,Chile_18,0.6918734580262655
3,South Korea_18,Chile_18,0.6808811413500332
3,South Korea_18,Chile_18,0.679240848931592
5,South Korea_19,Chile_19,0.7708379102723675
5,South Korea_19,Chile_19,0.7376126108337238
5,South Korea_19,Chile_19,0.7402075592978058
6,South Korea_20,Chile_20,0.7421101910736498
6,South Korea_20,Chile_20,0.7850075972821499
7,South Korea_21,Chile_21,0.7683380076552142
15,Spain_12,Chile_12,0.7308712801136829
15,Spain_12,Chile_12,0.6962194198661343
15,Spain_12,Chile_12,0.7912634952414768
15,Spain_12,Chile_12,0.7290816986402664
15,Spain_12,Chile_12,0.7081796332855141
15,Spain_12,Chile_12,0.7347678959738917
15,Spain_12,Chile_12,0.6926971040165864
10,Spain_13,Chile_13,0.6870327886420092
10,Spain_13,Chile_13,0.7850656812716992
10,Spain_13,Chile_13,0.805989561803486
10,Spain_13,Chile_13,0.7760425229890553
10,Spain_13,Chile_13,0.7932197795002084
10,Spain_13,Chile_13,0.7604155315552036
10,Spain_13,Chile_13,0.7211938105032626
1,Spain_14,Chile_14,0.6550988331699655
1,Spain_14,Chile_14,0.770318974737059
1,Spain_14,Chile_14,0.7949186741790215
1,Spain_14,Chile_14,0.7652025812190264
1,Spain_14,Chile_14,0.7788059872595725
1,Spain_14,Chile_14,0.8393559974471957
1,Spain_14,Chile_14,0.7914868111199262
11,Spain_15,Chile_15,0.8006066580384759
11,Spain_15,Chile_15,0.8018868883780184
11,Spain_15,Chile_15,0.7651345549432781
11,Spain_15,Chile_15,0.7732037900698805
11,Spain_15,Chile_15,0.836054865400341
11,Spain_15,Chile_15,0.7804192038008138
0,Spain_16,Chile_16,0.6965277921569978
0,Spain_16,Chile_16,0.6896365860793824
0,Spain_16,Chile_16,0.645569500010703
0,Spain_16,Chile_16,0.7154167898421347
0,Spain_16,Chile_16,0.657736666404876
2,Spain_17,Chile_17,0.8589332763081272
2,Spain_17,Chile_17,0.8257465110517674
2,Spain_17,Chile_17,0.8465365415212931
2,Spain_17,Chile_17,0.785963364936517
3,Spain_18,Chile_18,0.8026017154113706
3,Spain_18,Chile_18,0.7979842341979306
3,Spain_18,Chile_18,0.7792835104512235
3,Spain_18,Chile_18,0.7715103454587036
5,Spain_19,Chile_19,0.829235824782619
5,Spain_19,Chile_19,0.8316554442434038
5,Spain_19,Chile_19,0.8199261175418004
6,Spain_20,Chile_20,0.8924468045390649
6,Spain_20,Chile_20,0.9401791064185245
14,Sri Lanka_9,Chile_9,0.6060915768798277
12,Sweden_7,Chile_7,0.6006894341920492
14,Sweden_9,Chile_9,0.6249567195292391
14,Sweden_9,Chile_9,0.6020053148711108
14,Sweden_9,Chile_9,0.6023470937994847
8,Sweden_10,Chile_10,0.6808811751400056
8,Sweden_10,Chile_10,0.686243007609526
8,Sweden_10,Chile_10,0.6431963673690809
8,Sweden_10,Chile_10,0.6579249376582832
8,Sweden_10,Chile_10,0.6975515950432262
9,Sweden_11,Chile_11,0.6512289860387094
9,Sweden_11,Chile_11,0.7680506219811771
9,Sweden_11,Chile_11,0.7286022192220268
9,Sweden_11,Chile_11,0.6817626227931104
9,Sweden_11,Chile_11,0.6975919971560542
9,Sweden_11,Chile_11,0.7199389163091627
15,Sweden_12,Chile_12,0.6977226170654675
15,Sweden_12,Chile_12,0.654460092151831
15,Sweden_12,Chile_12,0.6443737662128594
15,Sweden_12,Chile_12,0.6543991437894358
10,Sweden_13,Chile_13,0.6025846241510242
1,Sweden_14,Chile_14,0.6250416018894663
1,Sweden_14,Chile_14,0.6102363934017241
0,Sweden_16,Chile_16,0.6988995153309648
0,Sweden_16,Chile_16,0.6704409046238355
0,Sweden_16,Chile_16,0.6209980120205815
2,Sweden_17,Chile_17,0.6819715019487719
2,Sweden_17,Chile_17,0.6423539698739658
2,Sweden_17,Chile_17,0.6577754951112986
2,Sweden_17,Chile_17,0.6009731215784379
3,Sweden_18,Chile_18,0.7390722469898213
3,Sweden_18,Chile_18,0.7004407533106736
3,Sweden_18,Chile_18,0.7899770667102803
3,Sweden_18,Chile_18,0.7385638651490445
5,Sweden_19,Chile_19,0.719423770543164
5,Sweden_19,Chile_19,0.7605423662859917
5,Sweden_19,Chile_19,0.7257692694638237
6,Sweden_20,Chile_20,0.7328630529890569
6,Sweden_20,Chile_20,0.7239091257528785
7,Sweden_21,Chile_21,0.7817397603230893
16,Switzerland_6,Chile_6,0.6673662275324453
12,Switzerland_7,Chile_7,0.7590943864273322
13,Switzerland_8,Chile_8,0.7051712759231147
13,Switzerland_8,Chile_8,0.634528351746461
13,Switzerland_8,Chile_8,0.6450929507122034
13,Switzerland_8,Chile_8,0.6300572129027546
14,Switzerland_9,Chile_9,0.7370663697563168
14,Switzerland_9,Chile_9,0.6916599307576322
14,Switzerland_9,Chile_9,0.7065375051595448
14,Switzerland_9,Chile_9,0.6695395490270986
14,Switzerland_9,Chile_9,0.678454260982708
14,Switzerland_9,Chile_9,0.6026678610161406
8,Switzerland_10,Chile_10,0.789697748102709
8,Switzerland_10,Chile_10,0.7890934039885121
8,Switzerland_10,Chile_10,0.7388199981368136
8,Switzerland_10,Chile_10,0.7693975233887836
8,Switzerland_10,Chile_10,0.6431043107451092
8,Switzerland_10,Chile_10,0.7107065246315135
8,Switzerland_10,Chile_10,0.6013602540003591
9,Switzerland_11,Chile_11,0.7295127959064889
9,Switzerland_11,Chile_11,0.7196141993399116
9,Switzerland_11,Chile_11,0.7944660311963759
9,Switzerland_11,Chile_11,0.7523386973731423
9,Switzerland_11,Chile_11,0.6651674478180061
9,Switzerland_11,Chile_11,0.737314549004178
9,Switzerland_11,Chile_11,0.7117666602309186
15,Switzerland_12,Chile_12,0.7989495453425258
15,Switzerland_12,Chile_12,0.7239711857347941
15,Switzerland_12,Chile_12,0.7847537669739976
15,Switzerland_12,Chile_12,0.7602176037756245
15,Switzerland_12,Chile_12,0.6343982562388145
15,Switzerland_12,Chile_12,0.7042073170738525
15,Switzerland_12,Chile_12,0.6847150000788124
10,Switzerland_13,Chile_13,0.6286855409167006
1,Switzerland_14,Chile_14,0.6363113280502328
1,Switzerland_14,Chile_14,0.6559851160296089
1,Switzerland_14,Chile_14,0.6098017325522329
1,Switzerland_14,Chile_14,0.639434006406538
1,Switzerland_14,Chile_14,0.6376188543735196
11,Switzerland_15,Chile_15,0.7691199771801217
11,Switzerland_15,Chile_15,0.8053890250154796
11,Switzerland_15,Chile_15,0.7522296191240228
11,Switzerland_15,Chile_15,0.6728019261971043
11,Switzerland_15,Chile_15,0.828240295949631
11,Switzerland_15,Chile_15,0.7904332304293918
0,Switzerland_16,Chile_16,0.7987583817609536
0,Switzerland_16,Chile_16,0.8093697331730481
0,Switzerland_16,Chile_16,0.6481144351634776
0,Switzerland_16,Chile_16,0.7242823779886752
0,Switzerland_16,Chile_16,0.685534125479638
2,Switzerland_17,Chile_17,0.7067297241614038
2,Switzerland_17,Chile_17,0.6006818078294639
2,Switzerland_17,Chile_17,0.7093025602725456
2,Switzerland_17,Chile_17,0.6803354036579005
3,Switzerland_18,Chile_18,0.7372004178115794
3,Switzerland_18,Chile_18,0.6078760554000084
3,Switzerland_18,Chile_18,0.6627492203595108
6,Switzerland_20,Chile_20,0.7874111005540013
6,Switzerland_20,Chile_20,0.8202966083639912
8,Turkey_10,Chile_10,0.616998659304546
9,Turkey_11,Chile_11,0.653896194345064
9,Turkey_11,Chile_11,0.6161600344883018
9,Turkey_11,Chile_11,0.6246098804084782
15,Turkey_12,Chile_12,0.6159050929293437
1,Turkey_14,Chile_14,0.6298857691732409
11,Turkey_15,Chile_15,0.6707935626712752
11,Turkey_15,Chile_15,0.6828942699350261
11,Turkey_15,Chile_15,0.7261961626069943
11,Turkey_15,Chile_15,0.6139432702926884
0,Turkey_16,Chile_16,0.6544214309371159
3,Turkey_18,Chile_18,0.6748758005537758
3,Turkey_18,Chile_18,0.6609160726015811
3,Turkey_18,Chile_18,0.713944910359606
3,Turkey_18,Chile_18,0.643735657405772
5,Turkey_19,Chile_19,0.7413520431553514
5,Turkey_19,Chile_19,0.8329265744801733
5,Turkey_19,Chile_19,0.7392152232722119
6,Turkey_20,Chile_20,0.8683227375785035
6,Turkey_20,Chile_20,0.7770036593902304
2,Ukraine_17,Chile_17,0.7053318297733479
2,Ukraine_17,Chile_17,0.6382570089217565
3,Ukraine_18,Chile_18,0.741168405807986
3,Ukraine_18,Chile_18,0.6321192958379416
3,Ukraine_18,Chile_18,0.7255310618110815
3,Ukraine_18,Chile_18,0.6346565811623058
5,Ukraine_19,Chile_19,0.6565708241653038
6,Ukraine_20,Chile_20,0.6087359238305114
13,United Kingdom_8,Chile_8,0.6124085645727542
13,United Kingdom_8,Chile_8,0.6015247628399452
14,United Kingdom_9,Chile_9,0.6903187534874368
14,United Kingdom_9,Chile_9,0.6719801936416122
14,United Kingdom_9,Chile_9,0.6506341482255232
14,United Kingdom_9,Chile_9,0.6941757797165559
14,United Kingdom_9,Chile_9,0.6687597520316327
8,United Kingdom_10,Chile_10,0.8176464142161448
8,United Kingdom_10,Chile_10,0.837554898958308
8,United Kingdom_10,Chile_10,0.7794479595928313
8,United Kingdom_10,Chile_10,0.7564230666671322
8,United Kingdom_10,Chile_10,0.7230308948223936
8,United Kingdom_10,Chile_10,0.6642083581682705
8,United Kingdom_10,Chile_10,0.6391374885043021
9,United Kingdom_11,Chile_11,0.6816116270628572
9,United Kingdom_11,Chile_11,0.6469085935194777
9,United Kingdom_11,Chile_11,0.7411465725823508
9,United Kingdom_11,Chile_11,0.7138082340462774
9,United Kingdom_11,Chile_11,0.6781790653357365
9,United Kingdom_11,Chile_11,0.6733234853209823
9,United Kingdom_11,Chile_11,0.6256549749944018
15,United Kingdom_12,Chile_12,0.6456826191283991
15,United Kingdom_12,Chile_12,0.6854202022451719
15,United Kingdom_12,Chile_12,0.708541723205771
15,United Kingdom_12,Chile_12,0.6502428536466156
15,United Kingdom_12,Chile_12,0.6288056156956937
10,United Kingdom_13,Chile_13,0.6590917284256332
10,United Kingdom_13,Chile_13,0.7333729876421845
10,United Kingdom_13,Chile_13,0.7096691372721996
10,United Kingdom_13,Chile_13,0.6991743018027171
10,United Kingdom_13,Chile_13,0.6551882551784136
10,United Kingdom_13,Chile_13,0.7050581687411814
10,United Kingdom_13,Chile_13,0.6611637022864382
1,United Kingdom_14,Chile_14,0.6094809209464593
1,United Kingdom_14,Chile_14,0.6383616295146395
1,United Kingdom_14,Chile_14,0.6806755358514139
1,United Kingdom_14,Chile_14,0.6230525196231907
1,United Kingdom_14,Chile_14,0.6768156185386193
11,United Kingdom_15,Chile_15,0.7604284178185209
11,United Kingdom_15,Chile_15,0.8096027303949074
11,United Kingdom_15,Chile_15,0.7853134588354331
11,United Kingdom_15,Chile_15,0.7760125195424491
11,United Kingdom_15,Chile_15,0.7901185401198603
11,United Kingdom_15,Chile_15,0.7669504999603096
0,United Kingdom_16,Chile_16,0.7357552829992098
0,United Kingdom_16,Chile_16,0.7960671385023464
0,United Kingdom_16,Chile_16,0.6705879663755552
0,United Kingdom_16,Chile_16,0.6898053888871948
0,United Kingdom_16,Chile_16,0.6272374952447357
2,United Kingdom_17,Chile_17,0.7562026049296435
2,United Kingdom_17,Chile_17,0.6085479794466653
2,United Kingdom_17,Chile_17,0.6531753279474981
3,United Kingdom_18,Chile_18,0.7225603560231021
5,United Kingdom_19,Chile_19,0.6329753154040295
5,United Kingdom_19,Chile_19,0.671567830898786
6,United Kingdom_20,Chile_20,0.8538445798635507
6,United Kingdom_20,Chile_20,0.9025742838369418
16,United States_6,Chile_6,0.6080022473501213
8,United States_10,Chile_10,0.6418236310320791
15,United States_12,Chile_12,0.6101184100568324
10,United States_13,Chile_13,0.6187045810077235
11,United States_15,Chile_15,0.6191759858929697
11,United States_15,Chile_15,0.6318267387386384
0,United States_16,Chile_16,0.6672568337016606
0,United States_16,Chile_16,0.6731464092195616
2,United States_17,Chile_17,0.656519324942228
6,United States_20,Chile_20,0.6619055998280013
7,United States_21,Chile_21,0.7172404708597004
5,Uruguay_19,Chile_19,0.8720079209080259
5,Uruguay_19,Chile_19,0.8873767139957818
5,Uruguay_19,Chile_19,0.8676442445015966
